# Fix print output for fix out
1.71371140100849e-15 5456.63623897596
1.71371140100849e-15 5456.52997190951
1.71371140100849e-15 5451.34296669413
1.71371140100849e-15 5446.62656321989
1.71371140100849e-15 5447.58533566991
1.71371140100849e-15 5454.37495125226
1.71371140100849e-15 5463.73502701842
1.71371140100849e-15 5465.89236486133
1.71371140100849e-15 5455.89182411847
1.71371140100849e-15 5452.49559155377
1.71371140100849e-15 5455.68685256427
1.71371140100849e-15 5447.03324022679
1.71371140100849e-15 5451.50842533567
1.71371140100849e-15 5452.96368158736
1.71371140100849e-15 5449.15407871184
1.71371140100849e-15 5458.94347664584
1.71371140100849e-15 5459.63462334008
1.71371140100849e-15 5453.38849246312
1.71371140100849e-15 5450.9549976583
1.71371140100849e-15 5451.8040021748
1.71371140100849e-15 5451.45238721453
1.71371140100849e-15 5458.27651550295
1.71371140100849e-15 5456.67948848036
1.71371140100849e-15 5450.2980545559
1.71371140100849e-15 5451.12991112493
1.71371140100849e-15 5455.10654321318
1.71371140100849e-15 5448.79888599203
1.71371140100849e-15 5445.10863765023
1.71371140100849e-15 5454.62736213846
1.71371140100849e-15 5453.16296374583
1.71371140100849e-15 5457.63360140726
1.71371140100849e-15 5457.53452140296
1.71371140100849e-15 5452.08944182653
1.71371140100849e-15 5448.13639528039
1.71371140100849e-15 5446.18614830734
1.71371140100849e-15 5447.63387855244
1.71371140100849e-15 5451.55246037358
1.71371140100849e-15 5451.84041681283
1.71371140100849e-15 5451.49154579653
1.71371140100849e-15 5456.51807278679
1.71371140100849e-15 5456.80725871554
1.71371140100849e-15 5453.48881271586
1.71371140100849e-15 5453.7040342243
1.71371140100849e-15 5449.8746883952
1.71371140100849e-15 5452.45145726314
1.71371140100849e-15 5453.18036443044
1.71371140100849e-15 5449.75052819569
1.71371140100849e-15 5445.50085247663
1.71371140100849e-15 5451.69250712979
1.71371140100849e-15 5454.42183375185
1.71371140100849e-15 5453.49545498844
1.71371140100849e-15 5453.13020877226
1.71371140100849e-15 5452.7825249195
1.71371140100849e-15 5445.99832026863
1.71371140100849e-15 5451.11851043485
1.71371140100849e-15 5451.27786332839
1.71371140100849e-15 5452.24778062667
1.71371140100849e-15 5451.13150101499
1.71371140100849e-15 5449.36981969172
1.71371140100849e-15 5447.02756463875
1.71371140100849e-15 5454.29137685738
1.71371140100849e-15 5455.89516941653
1.71371140100849e-15 5452.17403516724
1.71371140100849e-15 5455.41679762838
1.71371140100849e-15 5451.27680136497
1.71371140100849e-15 5451.83529558267
1.71371140100849e-15 5454.67050010966
1.71371140100849e-15 5446.06744394664
1.71371140100849e-15 5443.31719352314
1.71371140100849e-15 5449.72715053512
1.71371140100849e-15 5448.71647686073
1.71371140100849e-15 5449.49085382017
1.71371140100849e-15 5454.85651424346
1.71371140100849e-15 5453.81829639346
1.71371140100849e-15 5452.72925019131
1.71371140100849e-15 5448.79707898148
1.71371140100849e-15 5449.55531629925
1.71371140100849e-15 5448.92566860076
1.71371140100849e-15 5449.57115605095
1.71371140100849e-15 5455.64684560672
1.71371140100849e-15 5451.6239937139
1.71371140100849e-15 5446.7702798999
1.71371140100849e-15 5443.24787422367
1.71371140100849e-15 5445.57125766901
1.71371140100849e-15 5456.12149177513
1.71371140100849e-15 5455.02786999295
1.71371140100849e-15 5447.66613366066
1.71371140100849e-15 5447.64708341056
1.71371140100849e-15 5451.84585595898
1.71371140100849e-15 5455.05541783497
1.71371140100849e-15 5449.53626028919
1.71371140100849e-15 5451.23155820559
1.71371140100849e-15 5454.54892365077
1.71371140100849e-15 5453.11154324401
1.71371140100849e-15 5447.22720129061
1.71371140100849e-15 5448.42183994575
1.71371140100849e-15 5453.93956626979
1.71371140100849e-15 5450.57015500615
1.71371140100849e-15 5447.57329436877
1.71371140100849e-15 5448.3808382523
1.71371140100849e-15 5448.36706466251
1.71371140100849e-15 5452.36654018737
1.71371140100849e-15 5450.64922019554
1.71371140100849e-15 5450.0311445336
1.71371140100849e-15 5453.75982648742
1.71371140100849e-15 5454.52883189063
1.71371140100849e-15 5448.63233745256
1.71371140100849e-15 5445.43696526929
1.71371140100849e-15 5451.72632103919
1.71371140100849e-15 5456.00836460865
1.71371140100849e-15 5446.45333883415
1.71371140100849e-15 5442.88784498714
1.71371140100849e-15 5455.01928314559
1.71371140100849e-15 5450.5182314365
1.71371140100849e-15 5448.61781683966
1.71371140100849e-15 5453.13731395097
1.71371140100849e-15 5457.7449675504
1.71371140100849e-15 5451.83610955597
1.71371140100849e-15 5441.75545707801
1.71371140100849e-15 5442.87835884721
1.71371140100849e-15 5451.39619284376
1.71371140100849e-15 5459.15268182926
1.71371140100849e-15 5457.37058533132
1.71371140100849e-15 5454.49614926681
1.71371140100849e-15 5447.73406718333
1.71371140100849e-15 5449.03926446088
1.71371140100849e-15 5451.43010605871
1.71371140100849e-15 5450.81625585024
1.71371140100849e-15 5450.10730718154
1.71371140100849e-15 5449.98280369141
1.71371140100849e-15 5447.99580226596
1.71371140100849e-15 5446.42386214945
1.71371140100849e-15 5449.4232536606
1.71371140100849e-15 5451.34138423988
1.71371140100849e-15 5448.24672709928
1.71371140100849e-15 5447.5242627238
1.71371140100849e-15 5448.84419510417
1.71371140100849e-15 5447.95776295563
1.71371140100849e-15 5451.06482868968
1.71371140100849e-15 5454.40937669562
1.71371140100849e-15 5452.38408685309
1.71371140100849e-15 5451.81920815964
1.71371140100849e-15 5455.18531679372
1.71371140100849e-15 5451.49976426671
1.71371140100849e-15 5446.56724190224
1.71371140100849e-15 5452.13121984425
1.71371140100849e-15 5451.48143272437
1.71371140100849e-15 5444.92907466832
1.71371140100849e-15 5442.93339778023
1.71371140100849e-15 5446.93448054843
1.71371140100849e-15 5451.18664136987
1.71371140100849e-15 5452.02790651886
1.71371140100849e-15 5451.67062406079
1.71371140100849e-15 5451.51186130582
1.71371140100849e-15 5455.90358648058
1.71371140100849e-15 5452.86976365708
1.71371140100849e-15 5448.54557754275
1.71371140100849e-15 5452.01264240079
1.71371140100849e-15 5448.04980936795
1.71371140100849e-15 5451.86920167177
1.71371140100849e-15 5455.35830426907
1.71371140100849e-15 5452.09042721461
1.71371140100849e-15 5452.40515995032
1.71371140100849e-15 5444.71930066366
1.71371140100849e-15 5449.60122184615
1.71371140100849e-15 5452.73003564592
1.71371140100849e-15 5448.29841108365
1.71371140100849e-15 5452.9976747708
1.71371140100849e-15 5455.0044881202
1.71371140100849e-15 5449.39990530321
1.71371140100849e-15 5453.7504222461
1.71371140100849e-15 5453.11174761328
1.71371140100849e-15 5448.7582068958
1.71371140100849e-15 5445.67358521731
1.71371140100849e-15 5449.84788227735
1.71371140100849e-15 5448.9173306305
1.71371140100849e-15 5448.31994591633
1.71371140100849e-15 5449.93341451345
1.71371140100849e-15 5449.16472893236
1.71371140100849e-15 5449.50136777233
1.71371140100849e-15 5454.65614978179
1.71371140100849e-15 5452.80960924644
1.71371140100849e-15 5447.00420098548
1.71371140100849e-15 5442.8562919567
1.71371140100849e-15 5446.81506097306
1.71371140100849e-15 5453.62132973197
1.71371140100849e-15 5451.59602255871
1.71371140100849e-15 5449.83211955714
1.71371140100849e-15 5455.42825140781
1.71371140100849e-15 5458.13657446969
1.71371140100849e-15 5455.20188862219
1.71371140100849e-15 5450.31439733675
1.71371140100849e-15 5450.10702866948
1.71371140100849e-15 5445.64518400414
1.71371140100849e-15 5441.72439236585
1.71371140100849e-15 5448.00842241255
1.71371140100849e-15 5456.73355699279
1.71371140100849e-15 5454.77638194462
1.71371140100849e-15 5450.94101543028
1.71371140100849e-15 5451.57661527597
1.71371140100849e-15 5447.99986137772
1.71371140100849e-15 5444.0717138129
1.71371140100849e-15 5452.82220972669
1.71371140100849e-15 5461.33742840985
1.71371140100849e-15 5454.01184905544
1.71371140100849e-15 5447.42250061598
1.71371140100849e-15 5455.43243943079
1.71371140100849e-15 5456.67339701014
1.71371140100849e-15 5450.41682235903
1.71371140100849e-15 5450.70756853869
1.71371140100849e-15 5446.8349810465
1.71371140100849e-15 5451.12820527183
1.71371140100849e-15 5445.106186205
1.71371140100849e-15 5447.26747283322
1.71371140100849e-15 5453.71663363926
1.71371140100849e-15 5451.02793057614
1.71371140100849e-15 5453.22988912978
1.71371140100849e-15 5456.19641285375
1.71371140100849e-15 5459.05162112946
1.71371140100849e-15 5453.14819074744
1.71371140100849e-15 5453.17197184162
1.71371140100849e-15 5450.03367482514
1.71371140100849e-15 5446.55082724293
1.71371140100849e-15 5454.02516335093
1.71371140100849e-15 5446.7189448167
1.71371140100849e-15 5449.87255571676
1.71371140100849e-15 5454.48661012624
1.71371140100849e-15 5449.4903767603
1.71371140100849e-15 5449.75098251145
1.71371140100849e-15 5455.99482277712
1.71371140100849e-15 5455.99563858104
1.71371140100849e-15 5455.91568955509
1.71371140100849e-15 5450.02932127727
1.71371140100849e-15 5444.87122923998
1.71371140100849e-15 5453.92106647598
1.71371140100849e-15 5454.19957529322
1.71371140100849e-15 5448.28975532686
1.71371140100849e-15 5453.47174804378
1.71371140100849e-15 5455.81413021754
1.71371140100849e-15 5454.75659022546
1.71371140100849e-15 5448.03286827552
1.71371140100849e-15 5447.2894101907
1.71371140100849e-15 5445.78467712027
1.71371140100849e-15 5444.64076152618
1.71371140100849e-15 5450.84593428731
1.71371140100849e-15 5457.48314993457
1.71371140100849e-15 5456.4403860106
1.71371140100849e-15 5456.71364570356
1.71371140100849e-15 5447.72266155369
1.71371140100849e-15 5444.21379346244
1.71371140100849e-15 5449.44745854342
1.71371140100849e-15 5448.95048137653
1.71371140100849e-15 5452.31334437669
1.71371140100849e-15 5454.00634129612
1.71371140100849e-15 5456.91504119292
1.71371140100849e-15 5452.95331084316
1.71371140100849e-15 5453.6787778831
1.71371140100849e-15 5449.39492812166
1.71371140100849e-15 5443.44325670627
1.71371140100849e-15 5451.183536927
1.71371140100849e-15 5452.4472832978
1.71371140100849e-15 5455.99178493288
1.71371140100849e-15 5450.20971192374
1.71371140100849e-15 5447.66315627857
1.71371140100849e-15 5458.41822682698
1.71371140100849e-15 5455.03377603136
1.71371140100849e-15 5457.31666917028
1.71371140100849e-15 5451.87981461881
1.71371140100849e-15 5450.2991324441
1.71371140100849e-15 5443.71939717032
1.71371140100849e-15 5449.49535067729
1.71371140100849e-15 5446.74708746041
1.71371140100849e-15 5454.13648253366
1.71371140100849e-15 5453.94129747489
1.71371140100849e-15 5452.43370147872
1.71371140100849e-15 5453.83108618446
1.71371140100849e-15 5451.25545640684
1.71371140100849e-15 5450.59005225963
1.71371140100849e-15 5449.96221228941
1.71371140100849e-15 5452.59024533463
1.71371140100849e-15 5451.8673941018
1.71371140100849e-15 5447.38033148564
1.71371140100849e-15 5444.70507001831
1.71371140100849e-15 5448.97843221189
1.71371140100849e-15 5454.47960035604
1.71371140100849e-15 5454.26790820557
1.71371140100849e-15 5451.17732240343
1.71371140100849e-15 5452.71197739751
1.71371140100849e-15 5453.54382128255
1.71371140100849e-15 5448.10403047464
1.71371140100849e-15 5450.08411665695
1.71371140100849e-15 5453.32268045761
1.71371140100849e-15 5454.93153611867
1.71371140100849e-15 5449.8733792527
1.71371140100849e-15 5448.16627022639
1.71371140100849e-15 5457.37453928994
1.71371140100849e-15 5458.8229914261
1.71371140100849e-15 5449.47770670722
1.71371140100849e-15 5446.94734166508
1.71371140100849e-15 5449.6467977849
1.71371140100849e-15 5451.88367026769
1.71371140100849e-15 5449.92989751173
1.71371140100849e-15 5447.97727481605
1.71371140100849e-15 5454.46522580615
1.71371140100849e-15 5459.34190579032
1.71371140100849e-15 5453.53147296448
1.71371140100849e-15 5451.0644845968
1.71371140100849e-15 5450.82961821237
1.71371140100849e-15 5449.89596523313
1.71371140100849e-15 5452.0912152909
1.71371140100849e-15 5449.62255771088
1.71371140100849e-15 5450.95757206445
1.71371140100849e-15 5445.30103633308
1.71371140100849e-15 5446.82622615097
1.71371140100849e-15 5457.33130361481
1.71371140100849e-15 5456.6529122541
1.71371140100849e-15 5461.68385881164
1.71371140100849e-15 5455.0306794746
1.71371140100849e-15 5453.26386940119
1.71371140100849e-15 5448.41660844072
1.71371140100849e-15 5448.8640981865
1.71371140100849e-15 5448.34135250406
1.71371140100849e-15 5449.38570684966
1.71371140100849e-15 5452.76015739124
1.71371140100849e-15 5448.18031229561
1.71371140100849e-15 5448.84875704588
1.71371140100849e-15 5451.33948398204
1.71371140100849e-15 5449.49750459939
1.71371140100849e-15 5441.61112565058
1.71371140100849e-15 5448.85143527561
1.71371140100849e-15 5459.581131845
1.71371140100849e-15 5454.03689853812
1.71371140100849e-15 5453.96903465289
1.71371140100849e-15 5458.18878965809
1.71371140100849e-15 5452.48847468861
1.71371140100849e-15 5449.38687111902
1.71371140100849e-15 5446.25114694798
1.71371140100849e-15 5444.60209743038
1.71371140100849e-15 5450.38601153556
1.71371140100849e-15 5453.25845475033
1.71371140100849e-15 5450.18771237812
1.71371140100849e-15 5451.57252828118
1.71371140100849e-15 5452.01484138489
1.71371140100849e-15 5445.76059447142
1.71371140100849e-15 5450.63302128232
1.71371140100849e-15 5450.33387771139
1.71371140100849e-15 5455.52677419344
1.71371140100849e-15 5453.29281805483
1.71371140100849e-15 5455.8554373393
1.71371140100849e-15 5447.32454457308
1.71371140100849e-15 5443.85476741488
1.71371140100849e-15 5443.79408959273
1.71371140100849e-15 5446.37769851028
1.71371140100849e-15 5445.51137004004
1.71371140100849e-15 5449.18268258229
1.71371140100849e-15 5453.85662293851
1.71371140100849e-15 5455.22101042019
1.71371140100849e-15 5453.96641598235
1.71371140100849e-15 5449.38252710805
1.71371140100849e-15 5448.02752485789
1.71371140100849e-15 5444.09064395221
1.71371140100849e-15 5445.93151479763
1.71371140100849e-15 5449.52407634469
1.71371140100849e-15 5453.75075862924
1.71371140100849e-15 5449.00416674881
1.71371140100849e-15 5447.85512498122
1.71371140100849e-15 5451.68428655661
1.71371140100849e-15 5445.09458115435
1.71371140100849e-15 5450.04637561054
1.71371140100849e-15 5453.64575149763
1.71371140100849e-15 5459.73525572273
1.71371140100849e-15 5452.35271902018
1.71371140100849e-15 5450.45296614519
1.71371140100849e-15 5445.02416094567
1.71371140100849e-15 5450.55687328812
1.71371140100849e-15 5449.21922281504
1.71371140100849e-15 5451.52704876105
1.71371140100849e-15 5448.7138369712
1.71371140100849e-15 5449.58001507429
1.71371140100849e-15 5450.08631017968
1.71371140100849e-15 5441.02725808143
1.71371140100849e-15 5447.54322516347
1.71371140100849e-15 5456.42438979795
1.71371140100849e-15 5458.22165927633
1.71371140100849e-15 5451.38149480303
1.71371140100849e-15 5448.54305859497
1.71371140100849e-15 5447.97203702378
1.71371140100849e-15 5444.87135422998
1.71371140100849e-15 5453.29686225795
1.71371140100849e-15 5453.50176939946
1.71371140100849e-15 5448.51670988152
1.71371140100849e-15 5446.84151237622
1.71371140100849e-15 5443.15176530041
1.71371140100849e-15 5450.5084389619
1.71371140100849e-15 5452.92364614771
1.71371140100849e-15 5453.66090210387
1.71371140100849e-15 5455.26532535909
1.71371140100849e-15 5449.88623979019
1.71371140100849e-15 5445.21989018225
1.71371140100849e-15 5445.15602072551
1.71371140100849e-15 5442.38421074146
1.71371140100849e-15 5445.56113904819
1.71371140100849e-15 5455.14428882729
1.71371140100849e-15 5452.03116096783
1.71371140100849e-15 5446.8855965209
1.71371140100849e-15 5444.13698281054
1.71371140100849e-15 5448.32825655543
1.71371140100849e-15 5447.57230514263
1.71371140100849e-15 5447.11029348943
1.71371140100849e-15 5450.58636842156
1.71371140100849e-15 5452.06510289244
1.71371140100849e-15 5454.31956490122
1.71371140100849e-15 5451.4122764782
1.71371140100849e-15 5450.28303509569
1.71371140100849e-15 5449.77971980104
1.71371140100849e-15 5446.10726695149
1.71371140100849e-15 5444.46546554716
1.71371140100849e-15 5447.47824052083
1.71371140100849e-15 5451.07973596199
1.71371140100849e-15 5454.11308799032
1.71371140100849e-15 5449.59152461178
1.71371140100849e-15 5445.97783468748
1.71371140100849e-15 5447.91817673677
1.71371140100849e-15 5448.33511459917
1.71371140100849e-15 5450.38557283226
1.71371140100849e-15 5452.34889653066
1.71371140100849e-15 5452.26939889438
1.71371140100849e-15 5449.43468214255
1.71371140100849e-15 5450.2209103786
1.71371140100849e-15 5450.72512076232
1.71371140100849e-15 5449.87491911991
1.71371140100849e-15 5451.15780082326
1.71371140100849e-15 5451.20654718939
1.71371140100849e-15 5447.54212573947
1.71371140100849e-15 5448.05268878273
1.71371140100849e-15 5451.98958488475
1.71371140100849e-15 5442.18647868091
1.71371140100849e-15 5444.45992278283
1.71371140100849e-15 5453.72669708349
1.71371140100849e-15 5457.98217612453
1.71371140100849e-15 5447.20576911146
1.71371140100849e-15 5445.62541186122
1.71371140100849e-15 5440.91909724896
1.71371140100849e-15 5447.97134983834
1.71371140100849e-15 5455.7124704348
1.71371140100849e-15 5453.1317299836
1.71371140100849e-15 5452.10161926095
1.71371140100849e-15 5450.06396218835
1.71371140100849e-15 5445.04476710265
1.71371140100849e-15 5445.629502757
1.71371140100849e-15 5446.14479141084
1.71371140100849e-15 5449.83055259341
1.71371140100849e-15 5451.18291244885
1.71371140100849e-15 5449.67677394879
1.71371140100849e-15 5452.78389815612
1.71371140100849e-15 5448.36142795007
1.71371140100849e-15 5449.0081092509
1.71371140100849e-15 5448.48122234382
1.71371140100849e-15 5451.25478989445
1.71371140100849e-15 5449.75278731604
1.71371140100849e-15 5448.3422232758
1.71371140100849e-15 5448.45413611624
1.71371140100849e-15 5449.48868766234
1.71371140100849e-15 5451.31712298371
1.71371140100849e-15 5453.02991346558
1.71371140100849e-15 5449.55253010689
1.71371140100849e-15 5446.96613651295
1.71371140100849e-15 5447.45419142206
1.71371140100849e-15 5446.66167125979
1.71371140100849e-15 5447.55702260353
1.71371140100849e-15 5450.14767797342
1.71371140100849e-15 5450.7278466385
1.71371140100849e-15 5451.00114206291
1.71371140100849e-15 5455.59720459859
1.71371140100849e-15 5450.63605234022
1.71371140100849e-15 5448.22447382101
1.71371140100849e-15 5449.12833579386
1.71371140100849e-15 5449.01083815135
1.71371140100849e-15 5445.27525087402
1.71371140100849e-15 5451.20468128001
1.71371140100849e-15 5453.07319806204
1.71371140100849e-15 5449.50273332325
1.71371140100849e-15 5445.57115428685
1.71371140100849e-15 5447.32611292521
1.71371140100849e-15 5447.59444060233
1.71371140100849e-15 5451.63083807654
1.71371140100849e-15 5452.42508566662
1.71371140100849e-15 5447.62076817071
1.71371140100849e-15 5445.25897945032
1.71371140100849e-15 5445.00190584553
1.71371140100849e-15 5445.62056654065
1.71371140100849e-15 5451.89839279853
1.71371140100849e-15 5453.11418710087
1.71371140100849e-15 5448.28126494872
1.71371140100849e-15 5454.959693545
1.71371140100849e-15 5449.66728370884
1.71371140100849e-15 5449.84322199213
1.71371140100849e-15 5449.65900308093
1.71371140100849e-15 5449.41672131174
1.71371140100849e-15 5448.65825264099
1.71371140100849e-15 5445.70022219403
1.71371140100849e-15 5453.95634447432
1.71371140100849e-15 5449.75238380143
1.71371140100849e-15 5447.01052852249
1.71371140100849e-15 5446.78913052084
1.71371140100849e-15 5449.31397041608
1.71371140100849e-15 5446.08279931803
1.71371140100849e-15 5454.1979213232
1.71371140100849e-15 5455.12322654507
1.71371140100849e-15 5448.29175750313
1.71371140100849e-15 5445.24372226385
1.71371140100849e-15 5449.2414099629
1.71371140100849e-15 5448.08859866666
1.71371140100849e-15 5450.07837348448
1.71371140100849e-15 5455.5336817998
1.71371140100849e-15 5459.02321568934
1.71371140100849e-15 5454.21160163762
1.71371140100849e-15 5454.36802192057
1.71371140100849e-15 5453.10815132263
1.71371140100849e-15 5450.82034708416
1.71371140100849e-15 5445.51895925895
1.71371140100849e-15 5441.43207148907
1.71371140100849e-15 5455.2097831147
1.71371140100849e-15 5454.678338415
1.71371140100849e-15 5451.72741170226
1.71371140100849e-15 5450.33594906104
1.71371140100849e-15 5444.37193743402
1.71371140100849e-15 5447.27295446268
1.71371140100849e-15 5456.24830124567
1.71371140100849e-15 5451.69866926484
1.71371140100849e-15 5452.35541559029
1.71371140100849e-15 5449.37229743414
1.71371140100849e-15 5452.27818290799
1.71371140100849e-15 5454.87215611559
1.71371140100849e-15 5453.27717477914
1.71371140100849e-15 5443.21832998618
1.71371140100849e-15 5448.24804515768
1.71371140100849e-15 5452.22440854732
1.71371140100849e-15 5457.70452029844
1.71371140100849e-15 5457.72772015515
1.71371140100849e-15 5448.20407440008
1.71371140100849e-15 5448.87366119841
1.71371140100849e-15 5445.68103625533
1.71371140100849e-15 5444.23815641733
1.71371140100849e-15 5446.04706119814
1.71371140100849e-15 5446.92255873551
1.71371140100849e-15 5453.81809561761
1.71371140100849e-15 5458.57372556037
1.71371140100849e-15 5448.16680153172
1.71371140100849e-15 5449.50991800629
1.71371140100849e-15 5452.06719062616
1.71371140100849e-15 5445.25409546799
1.71371140100849e-15 5452.13146918372
1.71371140100849e-15 5457.62674945638
1.71371140100849e-15 5449.1166517175
1.71371140100849e-15 5441.2981155984
1.71371140100849e-15 5447.68792690431
1.71371140100849e-15 5446.68633591856
1.71371140100849e-15 5450.54161272014
1.71371140100849e-15 5451.61776633972
1.71371140100849e-15 5446.98298600057
1.71371140100849e-15 5447.04770820354
1.71371140100849e-15 5442.5682358021
1.71371140100849e-15 5447.8681661072
1.71371140100849e-15 5453.43493779752
1.71371140100849e-15 5452.42252938688
1.71371140100849e-15 5457.85366526864
1.71371140100849e-15 5458.68121744684
1.71371140100849e-15 5450.70777999664
1.71371140100849e-15 5442.76686142855
1.71371140100849e-15 5446.02618824684
1.71371140100849e-15 5449.84042912747
1.71371140100849e-15 5450.54281732787
1.71371140100849e-15 5451.97173024949
1.71371140100849e-15 5455.52315603599
1.71371140100849e-15 5450.71267355475
1.71371140100849e-15 5452.9340456469
1.71371140100849e-15 5452.00449051642
1.71371140100849e-15 5450.18955271571
1.71371140100849e-15 5446.99444091054
1.71371140100849e-15 5448.08737491815
1.71371140100849e-15 5445.34005994335
1.71371140100849e-15 5447.52238793717
1.71371140100849e-15 5454.16754683182
1.71371140100849e-15 5450.90269563276
1.71371140100849e-15 5452.53461978934
1.71371140100849e-15 5447.47396394669
1.71371140100849e-15 5447.31734082553
1.71371140100849e-15 5450.11131520879
1.71371140100849e-15 5451.77842131474
1.71371140100849e-15 5451.87487022106
1.71371140100849e-15 5453.84366406037
1.71371140100849e-15 5448.48446681026
1.71371140100849e-15 5445.0793926016
1.71371140100849e-15 5448.70054898586
1.71371140100849e-15 5451.75535609135
1.71371140100849e-15 5456.03056296581
1.71371140100849e-15 5452.08109919547
1.71371140100849e-15 5447.70663492827
1.71371140100849e-15 5448.2153558365
1.71371140100849e-15 5450.2404594703
1.71371140100849e-15 5449.88120710145
1.71371140100849e-15 5447.04039290091
1.71371140100849e-15 5443.24635738816
1.71371140100849e-15 5449.8073589475
1.71371140100849e-15 5453.03274349824
1.71371140100849e-15 5448.98574588685
1.71371140100849e-15 5451.70672462423
1.71371140100849e-15 5457.81196417489
1.71371140100849e-15 5453.26700279019
1.71371140100849e-15 5449.0558577739
1.71371140100849e-15 5445.10880031922
1.71371140100849e-15 5448.50519051035
1.71371140100849e-15 5446.03153743002
1.71371140100849e-15 5450.44270966002
1.71371140100849e-15 5453.18941093699
1.71371140100849e-15 5452.30182812591
1.71371140100849e-15 5449.31258041511
1.71371140100849e-15 5451.93424352326
1.71371140100849e-15 5450.47898087021
1.71371140100849e-15 5450.74096578358
1.71371140100849e-15 5451.82306412694
1.71371140100849e-15 5452.48661235346
1.71371140100849e-15 5451.06507069456
1.71371140100849e-15 5450.14430790065
1.71371140100849e-15 5450.64659885014
1.71371140100849e-15 5454.37148224827
1.71371140100849e-15 5449.3286574481
1.71371140100849e-15 5447.01754499867
1.71371140100849e-15 5454.00853263146
1.71371140100849e-15 5455.10258052626
1.71371140100849e-15 5449.73890855189
1.71371140100849e-15 5449.45444244502
1.71371140100849e-15 5449.35207572321
1.71371140100849e-15 5451.73388121439
1.71371140100849e-15 5453.58153158811
1.71371140100849e-15 5447.98675162279
1.71371140100849e-15 5448.60509062138
1.71371140100849e-15 5459.97886389898
1.71371140100849e-15 5453.6983265642
1.71371140100849e-15 5444.97795446444
1.71371140100849e-15 5444.53848125246
1.71371140100849e-15 5447.92085126822
1.71371140100849e-15 5450.12169082767
1.71371140100849e-15 5452.51672900295
1.71371140100849e-15 5452.31210853452
1.71371140100849e-15 5447.77921878687
1.71371140100849e-15 5449.76806412461
1.71371140100849e-15 5448.85776037826
1.71371140100849e-15 5446.42728544223
1.71371140100849e-15 5455.23113640611
1.71371140100849e-15 5452.27395025492
1.71371140100849e-15 5455.83740739405
1.71371140100849e-15 5447.54798078531
1.71371140100849e-15 5450.67212535476
1.71371140100849e-15 5446.53880488727
1.71371140100849e-15 5446.33147963666
1.71371140100849e-15 5449.30420942829
1.71371140100849e-15 5452.25096801349
1.71371140100849e-15 5453.74712339034
1.71371140100849e-15 5452.95892281277
1.71371140100849e-15 5450.68337839078
1.71371140100849e-15 5446.05630075528
1.71371140100849e-15 5451.9057962766
1.71371140100849e-15 5444.33994080172
1.71371140100849e-15 5445.91482638427
1.71371140100849e-15 5451.81795258214
1.71371140100849e-15 5451.24215620203
1.71371140100849e-15 5450.42754611025
1.71371140100849e-15 5451.70869014581
1.71371140100849e-15 5451.19518246102
1.71371140100849e-15 5455.52824468412
1.71371140100849e-15 5450.08200025714
1.71371140100849e-15 5451.22373893107
1.71371140100849e-15 5447.855863779
1.71371140100849e-15 5445.15110198328
1.71371140100849e-15 5453.24653817552
1.71371140100849e-15 5455.33316530252
1.71371140100849e-15 5450.42524455951
1.71371140100849e-15 5448.78110106407
1.71371140100849e-15 5449.25841243247
1.71371140100849e-15 5451.75073142328
1.71371140100849e-15 5457.97130140829
1.71371140100849e-15 5452.36448410834
1.71371140100849e-15 5450.38456498019
1.71371140100849e-15 5448.80957399654
1.71371140100849e-15 5450.87562881121
1.71371140100849e-15 5446.53736473186
1.71371140100849e-15 5448.7160960761
1.71371140100849e-15 5451.10706797054
1.71371140100849e-15 5452.84628167314
1.71371140100849e-15 5456.4541157566
1.71371140100849e-15 5455.94702762962
1.71371140100849e-15 5446.24878630639
1.71371140100849e-15 5446.16350991812
1.71371140100849e-15 5449.99109896303
1.71371140100849e-15 5450.62795789672
1.71371140100849e-15 5448.81921875978
1.71371140100849e-15 5449.79508513132
1.71371140100849e-15 5451.84852068527
1.71371140100849e-15 5449.41078546971
1.71371140100849e-15 5451.95409620175
1.71371140100849e-15 5455.2138187496
1.71371140100849e-15 5453.60649365553
1.71371140100849e-15 5449.90675154711
1.71371140100849e-15 5445.27213096841
1.71371140100849e-15 5444.2804231896
1.71371140100849e-15 5449.33895102411
1.71371140100849e-15 5448.09837066978
1.71371140100849e-15 5454.3239967365
1.71371140100849e-15 5453.96109763809
1.71371140100849e-15 5453.17239026988
1.71371140100849e-15 5451.30354892696
1.71371140100849e-15 5447.85981504167
1.71371140100849e-15 5449.04323506734
1.71371140100849e-15 5447.39840779761
1.71371140100849e-15 5448.85231803509
1.71371140100849e-15 5455.56168402328
1.71371140100849e-15 5456.75683376008
1.71371140100849e-15 5454.91919239871
1.71371140100849e-15 5452.31486309874
1.71371140100849e-15 5447.81600813946
1.71371140100849e-15 5448.1855872552
1.71371140100849e-15 5445.4982089591
1.71371140100849e-15 5442.8587804594
1.71371140100849e-15 5447.72560538605
1.71371140100849e-15 5452.63876576947
1.71371140100849e-15 5452.18589783329
1.71371140100849e-15 5456.95700330636
1.71371140100849e-15 5457.97969474822
1.71371140100849e-15 5451.20338873097
1.71371140100849e-15 5449.81796715975
1.71371140100849e-15 5446.06535756805
1.71371140100849e-15 5444.25689191654
1.71371140100849e-15 5451.12496022858
1.71371140100849e-15 5453.35255072933
1.71371140100849e-15 5444.52663833606
1.71371140100849e-15 5442.31838032048
1.71371140100849e-15 5445.25872273491
1.71371140100849e-15 5453.07279762222
1.71371140100849e-15 5457.85949604073
1.71371140100849e-15 5457.78519358743
1.71371140100849e-15 5449.55577142536
1.71371140100849e-15 5442.334527041
1.71371140100849e-15 5447.94998217882
1.71371140100849e-15 5452.17638465655
1.71371140100849e-15 5449.82688556684
1.71371140100849e-15 5451.23967766707
1.71371140100849e-15 5451.75807941033
1.71371140100849e-15 5452.00942667357
1.71371140100849e-15 5448.85292312361
1.71371140100849e-15 5448.23217653006
1.71371140100849e-15 5443.01577134596
1.71371140100849e-15 5446.800516676
1.71371140100849e-15 5451.2667047893
1.71371140100849e-15 5450.74211737884
1.71371140100849e-15 5455.11943972517
1.71371140100849e-15 5456.47785382023
1.71371140100849e-15 5443.48105921864
1.71371140100849e-15 5453.09635238735
1.71371140100849e-15 5448.68356323037
1.71371140100849e-15 5447.53780799358
1.71371140100849e-15 5450.30103453885
1.71371140100849e-15 5456.47269745968
1.71371140100849e-15 5453.2449378586
1.71371140100849e-15 5449.13852938402
1.71371140100849e-15 5439.64991595045
1.71371140100849e-15 5441.22366468478
1.71371140100849e-15 5447.29676319623
1.71371140100849e-15 5452.42168667156
1.71371140100849e-15 5458.16353828791
1.71371140100849e-15 5456.5832695088
1.71371140100849e-15 5450.00846994664
1.71371140100849e-15 5441.87667918897
1.71371140100849e-15 5449.57486017265
1.71371140100849e-15 5450.8801702503
1.71371140100849e-15 5454.50611379834
1.71371140100849e-15 5450.75040748947
1.71371140100849e-15 5448.74237065304
1.71371140100849e-15 5451.57870969464
1.71371140100849e-15 5456.57238155701
1.71371140100849e-15 5450.65633119719
1.71371140100849e-15 5449.81653093127
1.71371140100849e-15 5451.2145147373
1.71371140100849e-15 5448.44127446072
1.71371140100849e-15 5449.55741153388
1.71371140100849e-15 5449.85408306837
1.71371140100849e-15 5453.68328755931
1.71371140100849e-15 5451.12594222192
1.71371140100849e-15 5447.04150215477
1.71371140100849e-15 5448.44333117183
1.71371140100849e-15 5456.35229634454
1.71371140100849e-15 5450.33550885191
1.71371140100849e-15 5444.6055989937
1.71371140100849e-15 5445.14447085445
1.71371140100849e-15 5450.66966685775
1.71371140100849e-15 5451.9305132824
1.71371140100849e-15 5455.16461493057
1.71371140100849e-15 5457.1297790393
1.71371140100849e-15 5454.79133306459
1.71371140100849e-15 5448.98107444323
1.71371140100849e-15 5446.27174303801
1.71371140100849e-15 5448.81515471214
1.71371140100849e-15 5443.90914352842
1.71371140100849e-15 5448.42875893605
1.71371140100849e-15 5454.38803216384
1.71371140100849e-15 5449.11511899293
1.71371140100849e-15 5450.93667011406
1.71371140100849e-15 5452.42483381628
1.71371140100849e-15 5454.83183417664
1.71371140100849e-15 5454.49356885053
1.71371140100849e-15 5455.2046644585
1.71371140100849e-15 5454.35522495449
1.71371140100849e-15 5445.78478795581
1.71371140100849e-15 5449.17390837726
1.71371140100849e-15 5446.18385617885
1.71371140100849e-15 5454.12783129342
1.71371140100849e-15 5458.47318166352
1.71371140100849e-15 5453.38239827733
1.71371140100849e-15 5448.16505242635
1.71371140100849e-15 5450.00008100723
1.71371140100849e-15 5449.63240202483
1.71371140100849e-15 5451.42937652724
1.71371140100849e-15 5450.12411097097
1.71371140100849e-15 5446.59408085841
1.71371140100849e-15 5442.73396102707
1.71371140100849e-15 5450.33163964841
1.71371140100849e-15 5451.89345725664
1.71371140100849e-15 5449.11632760431
1.71371140100849e-15 5453.85692371128
1.71371140100849e-15 5453.0751973308
1.71371140100849e-15 5448.45800758374
1.71371140100849e-15 5447.72516478759
1.71371140100849e-15 5448.53317235982
1.71371140100849e-15 5448.50319549234
1.71371140100849e-15 5447.82267565972
1.71371140100849e-15 5453.31127300489
1.71371140100849e-15 5457.24868783598
1.71371140100849e-15 5449.40460731652
1.71371140100849e-15 5442.71458496107
1.71371140100849e-15 5443.71332373126
1.71371140100849e-15 5447.37157198509
1.71371140100849e-15 5451.86243133101
1.71371140100849e-15 5455.89351239433
1.71371140100849e-15 5456.35060102384
1.71371140100849e-15 5457.73251890864
1.71371140100849e-15 5453.96865695802
1.71371140100849e-15 5450.20421255117
1.71371140100849e-15 5446.12364744844
1.71371140100849e-15 5447.24240045467
1.71371140100849e-15 5452.03119499589
1.71371140100849e-15 5456.12489428632
1.71371140100849e-15 5452.90803292944
1.71371140100849e-15 5448.36605462804
1.71371140100849e-15 5442.57728443545
1.71371140100849e-15 5442.25911021866
1.71371140100849e-15 5447.58426798428
1.71371140100849e-15 5450.56647284565
1.71371140100849e-15 5453.85049802864
1.71371140100849e-15 5455.04019848553
1.71371140100849e-15 5456.47880713615
1.71371140100849e-15 5453.36642261006
1.71371140100849e-15 5444.69983685716
1.71371140100849e-15 5447.92342262292
1.71371140100849e-15 5453.02101439172
1.71371140100849e-15 5452.74113621447
1.71371140100849e-15 5448.32390698506
1.71371140100849e-15 5449.96128250618
1.71371140100849e-15 5450.37675095222
1.71371140100849e-15 5454.22606007928
1.71371140100849e-15 5451.82408739524
1.71371140100849e-15 5449.41243808064
1.71371140100849e-15 5450.6559349992
1.71371140100849e-15 5448.15201721248
1.71371140100849e-15 5451.91016841111
1.71371140100849e-15 5442.44114798044
1.71371140100849e-15 5449.48551853627
1.71371140100849e-15 5455.79230179109
1.71371140100849e-15 5448.19370417609
1.71371140100849e-15 5451.49880175088
1.71371140100849e-15 5447.26286660342
1.71371140100849e-15 5452.46746560432
1.71371140100849e-15 5455.17466108905
1.71371140100849e-15 5450.52553143815
1.71371140100849e-15 5449.18821304011
1.71371140100849e-15 5452.12399435699
1.71371140100849e-15 5451.84744350582
1.71371140100849e-15 5445.86857606621
1.71371140100849e-15 5446.55817413082
1.71371140100849e-15 5452.56918878403
1.71371140100849e-15 5449.99283809655
1.71371140100849e-15 5450.47321140932
1.71371140100849e-15 5447.21430301385
1.71371140100849e-15 5446.57372710161
1.71371140100849e-15 5448.82845612207
1.71371140100849e-15 5451.61390048832
1.71371140100849e-15 5453.72316101967
1.71371140100849e-15 5457.40797641665
1.71371140100849e-15 5447.44481041961
1.71371140100849e-15 5449.49335149641
1.71371140100849e-15 5449.02684373157
1.71371140100849e-15 5449.7541373392
1.71371140100849e-15 5453.83269052558
1.71371140100849e-15 5451.82005197976
1.71371140100849e-15 5451.16909715807
1.71371140100849e-15 5446.88550274932
1.71371140100849e-15 5449.00663873518
1.71371140100849e-15 5450.38023492777
1.71371140100849e-15 5455.49285910896
1.71371140100849e-15 5453.40786797711
1.71371140100849e-15 5453.02829667967
1.71371140100849e-15 5448.2661443859
1.71371140100849e-15 5445.4760305587
1.71371140100849e-15 5449.94752243703
1.71371140100849e-15 5451.08264491535
1.71371140100849e-15 5455.00007334529
1.71371140100849e-15 5453.31357253338
1.71371140100849e-15 5451.62632134501
1.71371140100849e-15 5451.37227255911
1.71371140100849e-15 5450.3005924366
1.71371140100849e-15 5456.63545181303
1.71371140100849e-15 5451.18305672056
1.71371140100849e-15 5444.85162733309
1.71371140100849e-15 5443.51467082489
1.71371140100849e-15 5451.79103832283
1.71371140100849e-15 5451.0972040743
1.71371140100849e-15 5450.02010499137
1.71371140100849e-15 5455.76541543961
1.71371140100849e-15 5454.12439044919
1.71371140100849e-15 5453.43822824992
1.71371140100849e-15 5455.34403556689
1.71371140100849e-15 5449.58616945092
1.71371140100849e-15 5451.95392977579
1.71371140100849e-15 5446.12236789915
1.71371140100849e-15 5443.93180457303
1.71371140100849e-15 5447.03273513558
1.71371140100849e-15 5453.60613942339
1.71371140100849e-15 5451.45510835588
1.71371140100849e-15 5449.8415819131
1.71371140100849e-15 5454.43148923126
1.71371140100849e-15 5457.42058908758
1.71371140100849e-15 5457.96281261841
1.71371140100849e-15 5451.54076348258
1.71371140100849e-15 5449.64308890386
1.71371140100849e-15 5452.93293635975
1.71371140100849e-15 5449.41304550091
1.71371140100849e-15 5449.63616646319
1.71371140100849e-15 5449.485108707
1.71371140100849e-15 5453.55096658332
1.71371140100849e-15 5445.63929865594
1.71371140100849e-15 5445.02662310124
1.71371140100849e-15 5450.08480447475
1.71371140100849e-15 5451.96227995772
1.71371140100849e-15 5458.21686470032
1.71371140100849e-15 5452.24452599562
1.71371140100849e-15 5444.24599525077
1.71371140100849e-15 5446.28596162793
1.71371140100849e-15 5447.45884503646
1.71371140100849e-15 5445.89298621349
1.71371140100849e-15 5456.2446424057
1.71371140100849e-15 5460.51343487278
1.71371140100849e-15 5461.46541241344
1.71371140100849e-15 5451.58231820398
1.71371140100849e-15 5446.71640392154
1.71371140100849e-15 5442.5387849527
1.71371140100849e-15 5449.32221599193
1.71371140100849e-15 5456.9175894702
1.71371140100849e-15 5454.5157018774
1.71371140100849e-15 5450.94411113927
1.71371140100849e-15 5450.38226720778
1.71371140100849e-15 5447.98250629554
1.71371140100849e-15 5452.48971875708
1.71371140100849e-15 5457.50794476156
1.71371140100849e-15 5455.43411788326
1.71371140100849e-15 5448.43293761117
1.71371140100849e-15 5438.84834837385
1.71371140100849e-15 5440.30180837357
1.71371140100849e-15 5446.49905615889
1.71371140100849e-15 5453.68228102046
1.71371140100849e-15 5454.3558114254
1.71371140100849e-15 5458.32191092786
1.71371140100849e-15 5452.13194122796
1.71371140100849e-15 5450.00855965101
1.71371140100849e-15 5447.25427836612
1.71371140100849e-15 5443.79106918183
1.71371140100849e-15 5446.6306589189
1.71371140100849e-15 5453.63591425803
1.71371140100849e-15 5453.04695600861
1.71371140100849e-15 5454.53387202368
1.71371140100849e-15 5451.05470627654
1.71371140100849e-15 5449.30794588723
1.71371140100849e-15 5449.5000221995
1.71371140100849e-15 5448.15129604034
1.71371140100849e-15 5450.14330670566
1.71371140100849e-15 5450.51435233742
1.71371140100849e-15 5449.86983109739
1.71371140100849e-15 5449.35397918469
1.71371140100849e-15 5450.82494092595
1.71371140100849e-15 5452.9766679336
1.71371140100849e-15 5451.32307643481
1.71371140100849e-15 5446.70337249587
1.71371140100849e-15 5446.79163527143
1.71371140100849e-15 5443.77096297695
1.71371140100849e-15 5448.86755385219
1.71371140100849e-15 5457.47549464256
1.71371140100849e-15 5457.39463273557
1.71371140100849e-15 5450.61273042233
1.71371140100849e-15 5448.91975064332
1.71371140100849e-15 5448.75393848722
1.71371140100849e-15 5450.03136308381
1.71371140100849e-15 5443.89554462258
1.71371140100849e-15 5444.86900249438
1.71371140100849e-15 5451.1349739531
1.71371140100849e-15 5451.14613103752
1.71371140100849e-15 5453.41923848654
1.71371140100849e-15 5457.75721450836
1.71371140100849e-15 5456.23080500356
1.71371140100849e-15 5447.88589542484
1.71371140100849e-15 5444.06484546723
1.71371140100849e-15 5445.98606541885
1.71371140100849e-15 5447.7870469557
1.71371140100849e-15 5453.65930823107
1.71371140100849e-15 5459.52221594478
1.71371140100849e-15 5457.31077060954
1.71371140100849e-15 5453.51148452975
1.71371140100849e-15 5449.66418097856
1.71371140100849e-15 5448.99343875628
1.71371140100849e-15 5444.24722306056
1.71371140100849e-15 5443.00475762765
1.71371140100849e-15 5451.4715845826
1.71371140100849e-15 5453.71895759824
1.71371140100849e-15 5454.25167916872
1.71371140100849e-15 5453.91873485191
1.71371140100849e-15 5452.96437588338
1.71371140100849e-15 5452.67760482054
1.71371140100849e-15 5449.64949413629
1.71371140100849e-15 5450.79120694355
1.71371140100849e-15 5449.34844702975
1.71371140100849e-15 5446.92779903046
1.71371140100849e-15 5444.45713079293
1.71371140100849e-15 5450.97856318908
1.71371140100849e-15 5454.85919354861
1.71371140100849e-15 5457.58863016573
1.71371140100849e-15 5449.99837994507
1.71371140100849e-15 5454.12665873298
1.71371140100849e-15 5449.09157813959
1.71371140100849e-15 5446.9820901675
1.71371140100849e-15 5449.47545012495
1.71371140100849e-15 5455.2159058742
1.71371140100849e-15 5454.34202880719
1.71371140100849e-15 5449.90126452435
1.71371140100849e-15 5444.54854647704
1.71371140100849e-15 5447.49894647512
1.71371140100849e-15 5449.31794752694
1.71371140100849e-15 5449.75602031266
1.71371140100849e-15 5453.19607891052
1.71371140100849e-15 5456.21006533214
1.71371140100849e-15 5455.15760356706
1.71371140100849e-15 5451.19649020937
1.71371140100849e-15 5450.59088426344
1.71371140100849e-15 5448.54317122381
1.71371140100849e-15 5445.87287064078
1.71371140100849e-15 5437.80285378021
1.71371140100849e-15 5442.95551000933
1.71371140100849e-15 5445.69945281038
1.71371140100849e-15 5451.13928192358
1.71371140100849e-15 5452.70646327327
1.71371140100849e-15 5451.42920791153
1.71371140100849e-15 5450.06091201914
1.71371140100849e-15 5453.0932885309
1.71371140100849e-15 5453.09539116603
1.71371140100849e-15 5450.76244988918
1.71371140100849e-15 5450.11499470187
1.71371140100849e-15 5446.94114544508
1.71371140100849e-15 5447.77747340534
1.71371140100849e-15 5450.88455148347
1.71371140100849e-15 5451.06460418812
1.71371140100849e-15 5447.31074058851
1.71371140100849e-15 5450.44123894615
1.71371140100849e-15 5453.38990069244
1.71371140100849e-15 5459.28528534831
1.71371140100849e-15 5455.11740894822
1.71371140100849e-15 5445.50916264036
1.71371140100849e-15 5444.29184592284
1.71371140100849e-15 5449.89650701081
1.71371140100849e-15 5445.80575113031
1.71371140100849e-15 5454.22066011887
1.71371140100849e-15 5454.30451909416
1.71371140100849e-15 5441.71477336446
1.71371140100849e-15 5446.93038033846
1.71371140100849e-15 5451.12208354851
1.71371140100849e-15 5452.50481864216
1.71371140100849e-15 5457.2901431217
1.71371140100849e-15 5452.25354222743
1.71371140100849e-15 5449.39469584762
1.71371140100849e-15 5451.21669218721
1.71371140100849e-15 5448.6749035666
1.71371140100849e-15 5443.20477575027
1.71371140100849e-15 5451.82883111503
1.71371140100849e-15 5452.77759845894
1.71371140100849e-15 5450.75622961887
1.71371140100849e-15 5448.84625129194
1.71371140100849e-15 5449.35872684857
1.71371140100849e-15 5454.51705205227
1.71371140100849e-15 5449.9728245625
1.71371140100849e-15 5444.92553476166
1.71371140100849e-15 5448.80244318377
1.71371140100849e-15 5450.72914804493
1.71371140100849e-15 5452.59578491831
1.71371140100849e-15 5444.07039200711
1.71371140100849e-15 5448.28016976713
1.71371140100849e-15 5454.06815458883
1.71371140100849e-15 5454.16706676059
1.71371140100849e-15 5451.89155748418
1.71371140100849e-15 5444.15335251436
1.71371140100849e-15 5444.49740862898
1.71371140100849e-15 5446.2891892412
1.71371140100849e-15 5451.9187202855
1.71371140100849e-15 5457.06777996129
1.71371140100849e-15 5455.59249871121
1.71371140100849e-15 5454.71293739512
1.71371140100849e-15 5452.57764085448
1.71371140100849e-15 5448.61717169579
1.71371140100849e-15 5442.73179208669
1.71371140100849e-15 5450.51849911982
1.71371140100849e-15 5450.26284131304
1.71371140100849e-15 5454.17822788492
1.71371140100849e-15 5455.46354438009
1.71371140100849e-15 5446.49754544597
1.71371140100849e-15 5445.92351756536
1.71371140100849e-15 5446.0540741326
1.71371140100849e-15 5445.35161335449
1.71371140100849e-15 5447.71085902451
1.71371140100849e-15 5452.77692719526
1.71371140100849e-15 5459.89429248368
1.71371140100849e-15 5452.25282069638
1.71371140100849e-15 5449.14560765136
1.71371140100849e-15 5453.39795746529
1.71371140100849e-15 5448.37832343335
1.71371140100849e-15 5452.68989513613
1.71371140100849e-15 5450.43334903151
1.71371140100849e-15 5448.01047085123
1.71371140100849e-15 5450.76957571946
1.71371140100849e-15 5451.58283880659
1.71371140100849e-15 5448.67424583043
1.71371140100849e-15 5448.10811768789
1.71371140100849e-15 5449.14168436188
1.71371140100849e-15 5449.56177791542
1.71371140100849e-15 5449.37336089491
1.71371140100849e-15 5454.4195242683
1.71371140100849e-15 5452.31696285058
1.71371140100849e-15 5454.15767395533
1.71371140100849e-15 5447.72325081727
1.71371140100849e-15 5444.52982123826
1.71371140100849e-15 5441.56563355249
1.71371140100849e-15 5448.46111224771
1.71371140100849e-15 5454.65755145643
1.71371140100849e-15 5455.84184837238
1.71371140100849e-15 5449.35717882257
1.71371140100849e-15 5446.84384264062
1.71371140100849e-15 5443.45302636701
1.71371140100849e-15 5444.27430970864
1.71371140100849e-15 5452.99479605189
1.71371140100849e-15 5452.64620637852
1.71371140100849e-15 5453.45666906958
1.71371140100849e-15 5454.16882850672
1.71371140100849e-15 5450.19698862241
1.71371140100849e-15 5447.28071873876
1.71371140100849e-15 5452.02488527688
1.71371140100849e-15 5452.54801554894
1.71371140100849e-15 5447.65832628212
1.71371140100849e-15 5448.84691021713
1.71371140100849e-15 5453.43738662624
1.71371140100849e-15 5448.6313555959
1.71371140100849e-15 5448.75452212917
1.71371140100849e-15 5446.50579793505
1.71371140100849e-15 5450.48821333304
1.71371140100849e-15 5454.95615983952
1.71371140100849e-15 5453.95174970186
1.71371140100849e-15 5448.76898113149
1.71371140100849e-15 5448.05066023507
1.71371140100849e-15 5442.9442808026
1.71371140100849e-15 5446.15172490559
1.71371140100849e-15 5453.98437314572
1.71371140100849e-15 5459.94160023931
1.71371140100849e-15 5456.80344906232
1.71371140100849e-15 5450.51249859982
1.71371140100849e-15 5454.71644279237
1.71371140100849e-15 5449.00274150482
1.71371140100849e-15 5443.09440220315
1.71371140100849e-15 5446.74048502329
1.71371140100849e-15 5446.293322642
1.71371140100849e-15 5447.34490450784
1.71371140100849e-15 5449.05356937581
1.71371140100849e-15 5455.05372322666
1.71371140100849e-15 5457.87076303531
1.71371140100849e-15 5455.37505011818
1.71371140100849e-15 5446.52473437836
1.71371140100849e-15 5453.53783186789
1.71371140100849e-15 5453.10539212111
1.71371140100849e-15 5447.9631028896
1.71371140100849e-15 5448.8782066501
1.71371140100849e-15 5448.51786246616
1.71371140100849e-15 5452.35291434832
1.71371140100849e-15 5452.01994824349
1.71371140100849e-15 5450.39266529827
1.71371140100849e-15 5450.05701095866
1.71371140100849e-15 5450.4181887313
1.71371140100849e-15 5450.53169491466
1.71371140100849e-15 5445.80643823107
1.71371140100849e-15 5445.1162677409
1.71371140100849e-15 5456.68361881344
1.71371140100849e-15 5450.29805464625
1.71371140100849e-15 5449.84457944375
1.71371140100849e-15 5451.64897440662
1.71371140100849e-15 5456.70448871625
1.71371140100849e-15 5450.36559769735
1.71371140100849e-15 5445.40445291439
1.71371140100849e-15 5448.22890853783
1.71371140100849e-15 5457.54172302957
1.71371140100849e-15 5452.65403176567
1.71371140100849e-15 5454.05577943719
1.71371140100849e-15 5446.78626137156
1.71371140100849e-15 5445.96962197083
1.71371140100849e-15 5450.97337443865
1.71371140100849e-15 5451.06212133654
1.71371140100849e-15 5453.11298959625
1.71371140100849e-15 5451.34265036562
1.71371140100849e-15 5451.01118358109
1.71371140100849e-15 5448.69403088942
1.71371140100849e-15 5446.09928310025
1.71371140100849e-15 5447.91147883429
1.71371140100849e-15 5452.6204812786
1.71371140100849e-15 5452.02541802713
1.71371140100849e-15 5444.80956043731
1.71371140100849e-15 5445.62185685929
1.71371140100849e-15 5451.80548625848
1.71371140100849e-15 5452.8834963088
1.71371140100849e-15 5456.80156115254
1.71371140100849e-15 5455.6618847377
1.71371140100849e-15 5452.4984161011
1.71371140100849e-15 5451.90019831341
1.71371140100849e-15 5448.87869135965
1.71371140100849e-15 5442.26933389928
1.71371140100849e-15 5446.74057294776
1.71371140100849e-15 5448.73595684898
1.71371140100849e-15 5448.28555799066
1.71371140100849e-15 5452.90205044963
1.71371140100849e-15 5454.29236242849
1.71371140100849e-15 5451.48919847976
1.71371140100849e-15 5451.08408303419
1.71371140100849e-15 5451.10317373838
1.71371140100849e-15 5450.1357942617
1.71371140100849e-15 5449.15411381548
1.71371140100849e-15 5448.09880551034
1.71371140100849e-15 5451.41987598547
1.71371140100849e-15 5454.09990481347
1.71371140100849e-15 5454.18558254076
1.71371140100849e-15 5452.52537892602
1.71371140100849e-15 5449.0727109823
1.71371140100849e-15 5449.23698817187
1.71371140100849e-15 5450.7679687854
1.71371140100849e-15 5452.15682469571
1.71371140100849e-15 5454.97156266416
1.71371140100849e-15 5446.98428282763
1.71371140100849e-15 5448.9356121294
1.71371140100849e-15 5449.80681151779
1.71371140100849e-15 5448.6274672315
1.71371140100849e-15 5452.37867184479
1.71371140100849e-15 5450.70504285511
1.71371140100849e-15 5449.43069688309
1.71371140100849e-15 5451.87797829531
1.71371140100849e-15 5452.81183397514
1.71371140100849e-15 5450.65483852506
1.71371140100849e-15 5444.9924944367
1.71371140100849e-15 5446.46922108621
1.71371140100849e-15 5452.66227394528
1.71371140100849e-15 5456.02210537633
1.71371140100849e-15 5456.72160380185
1.71371140100849e-15 5445.99176225696
1.71371140100849e-15 5448.90095116522
1.71371140100849e-15 5450.55824331198
1.71371140100849e-15 5450.22065718816
1.71371140100849e-15 5448.53194805467
1.71371140100849e-15 5447.89125435028
1.71371140100849e-15 5449.87190490739
1.71371140100849e-15 5450.12006139513
1.71371140100849e-15 5453.44416054068
1.71371140100849e-15 5453.17085732932
1.71371140100849e-15 5452.17815722486
1.71371140100849e-15 5451.39088839557
1.71371140100849e-15 5453.20610562418
1.71371140100849e-15 5453.63524027351
1.71371140100849e-15 5452.03680914251
1.71371140100849e-15 5450.23410239194
1.71371140100849e-15 5452.7700532823
1.71371140100849e-15 5452.44157918479
1.71371140100849e-15 5445.62654451629
1.71371140100849e-15 5449.3755675893
1.71371140100849e-15 5448.80343070944
1.71371140100849e-15 5455.42994566453
1.71371140100849e-15 5452.68918678015
1.71371140100849e-15 5447.58046076711
1.71371140100849e-15 5448.53636727528
1.71371140100849e-15 5455.22490125401
1.71371140100849e-15 5454.94104170929
1.71371140100849e-15 5455.26293023588
1.71371140100849e-15 5447.95075947733
1.71371140100849e-15 5444.88760917155
1.71371140100849e-15 5448.79965659541
1.71371140100849e-15 5450.90970952271
1.71371140100849e-15 5451.16521893957
1.71371140100849e-15 5450.64710125805
1.71371140100849e-15 5453.61349795659
1.71371140100849e-15 5452.92922793013
1.71371140100849e-15 5450.45113651769
1.71371140100849e-15 5453.54553173971
1.71371140100849e-15 5452.6739390734
1.71371140100849e-15 5448.06865819017
1.71371140100849e-15 5445.97539874637
1.71371140100849e-15 5450.37109164444
1.71371140100849e-15 5451.29983341595
1.71371140100849e-15 5451.1294945966
1.71371140100849e-15 5452.55233289842
1.71371140100849e-15 5452.31909402609
1.71371140100849e-15 5452.1699946922
1.71371140100849e-15 5447.97031835733
1.71371140100849e-15 5450.20954142717
1.71371140100849e-15 5452.68475907554
1.71371140100849e-15 5452.61195990641
1.71371140100849e-15 5449.02885642047
1.71371140100849e-15 5451.24430933853
1.71371140100849e-15 5455.51361594039
1.71371140100849e-15 5452.19804719886
1.71371140100849e-15 5453.52599457411
1.71371140100849e-15 5456.99257601113
1.71371140100849e-15 5453.52467190303
1.71371140100849e-15 5452.59681365017
1.71371140100849e-15 5449.16413601797
1.71371140100849e-15 5446.3965846144
1.71371140100849e-15 5448.55437239237
1.71371140100849e-15 5453.6922793694
1.71371140100849e-15 5452.09813030376
1.71371140100849e-15 5451.95671468855
1.71371140100849e-15 5453.23396400822
1.71371140100849e-15 5451.90093975472
1.71371140100849e-15 5446.35058688352
1.71371140100849e-15 5448.28677197214
1.71371140100849e-15 5454.64577692615
1.71371140100849e-15 5455.86918883536
1.71371140100849e-15 5454.89471039326
1.71371140100849e-15 5450.63665321207
1.71371140100849e-15 5447.94416461873
1.71371140100849e-15 5448.49108716325
1.71371140100849e-15 5448.47295953595
1.71371140100849e-15 5449.72453160521
1.71371140100849e-15 5450.0535526406
1.71371140100849e-15 5449.12782933153
1.71371140100849e-15 5455.90107071259
1.71371140100849e-15 5459.48082828777
1.71371140100849e-15 5454.00375354704
1.71371140100849e-15 5446.12746998314
1.71371140100849e-15 5445.37806671618
1.71371140100849e-15 5446.03345138309
1.71371140100849e-15 5454.55197615789
1.71371140100849e-15 5451.27328480186
1.71371140100849e-15 5456.32991160049
1.71371140100849e-15 5455.26848433598
1.71371140100849e-15 5449.494851712
1.71371140100849e-15 5445.67762073618
1.71371140100849e-15 5449.91074692932
1.71371140100849e-15 5453.65864399663
1.71371140100849e-15 5454.35586607957
1.71371140100849e-15 5452.43301273347
1.71371140100849e-15 5456.03848613524
1.71371140100849e-15 5455.64954467671
1.71371140100849e-15 5455.21415738815
1.71371140100849e-15 5454.45486996245
1.71371140100849e-15 5442.33908968349
1.71371140100849e-15 5438.80246030629
1.71371140100849e-15 5446.12059058006
1.71371140100849e-15 5451.18377710797
1.71371140100849e-15 5448.11595007357
1.71371140100849e-15 5449.77915501076
1.71371140100849e-15 5452.96375787548
1.71371140100849e-15 5454.22724709354
1.71371140100849e-15 5450.20521733582
1.71371140100849e-15 5451.53504966053
1.71371140100849e-15 5454.41527015151
1.71371140100849e-15 5456.33632811701
1.71371140100849e-15 5454.96235450276
1.71371140100849e-15 5450.6794468118
1.71371140100849e-15 5448.40901887268
1.71371140100849e-15 5448.49345060519
1.71371140100849e-15 5450.11389208267
1.71371140100849e-15 5454.61720731363
1.71371140100849e-15 5450.06728344512
1.71371140100849e-15 5447.47706972897
1.71371140100849e-15 5447.44901256178
1.71371140100849e-15 5450.9314966751
1.71371140100849e-15 5457.46963110573
1.71371140100849e-15 5448.54986207934
1.71371140100849e-15 5448.68182742805
1.71371140100849e-15 5446.97009867526
1.71371140100849e-15 5450.97312002611
1.71371140100849e-15 5452.41869420289
1.71371140100849e-15 5453.17814091434
1.71371140100849e-15 5451.03938875162
1.71371140100849e-15 5450.57344469914
1.71371140100849e-15 5447.8506654263
1.71371140100849e-15 5456.98355241859
1.71371140100849e-15 5454.08871157608
1.71371140100849e-15 5451.27406809668
1.71371140100849e-15 5446.26028830967
1.71371140100849e-15 5448.26367826089
1.71371140100849e-15 5447.98468217152
1.71371140100849e-15 5449.13871262578
1.71371140100849e-15 5450.71399326934
1.71371140100849e-15 5451.4967417333
1.71371140100849e-15 5453.2915997973
1.71371140100849e-15 5461.09492170761
1.71371140100849e-15 5454.03022636858
1.71371140100849e-15 5445.18695508762
1.71371140100849e-15 5448.5142643203
1.71371140100849e-15 5449.76664899223
1.71371140100849e-15 5446.80715136376
1.71371140100849e-15 5451.1469200474
1.71371140100849e-15 5450.45786574513
1.71371140100849e-15 5450.76273043272
1.71371140100849e-15 5453.05461458332
1.71371140100849e-15 5451.22780508518
1.71371140100849e-15 5449.83544918268
1.71371140100849e-15 5447.15787840932
1.71371140100849e-15 5449.00754094457
1.71371140100849e-15 5451.04926922819
1.71371140100849e-15 5450.29824412411
1.71371140100849e-15 5452.69234844754
1.71371140100849e-15 5452.40901381535
1.71371140100849e-15 5452.25646503035
1.71371140100849e-15 5448.63107387058
1.71371140100849e-15 5448.50834049616
1.71371140100849e-15 5449.44468162782
1.71371140100849e-15 5452.98302269283
1.71371140100849e-15 5449.71159174885
1.71371140100849e-15 5450.71670049978
1.71371140100849e-15 5451.86197869905
1.71371140100849e-15 5450.98650089307
1.71371140100849e-15 5452.77429039808
1.71371140100849e-15 5452.55754257652
1.71371140100849e-15 5452.69700280283
1.71371140100849e-15 5451.45776556145
1.71371140100849e-15 5453.7347545064
1.71371140100849e-15 5450.5353513586
1.71371140100849e-15 5448.18499458267
1.71371140100849e-15 5450.77540574699
1.71371140100849e-15 5456.40363675149
1.71371140100849e-15 5445.40391348611
1.71371140100849e-15 5449.23386607107
1.71371140100849e-15 5453.16327855154
1.71371140100849e-15 5454.13763296025
1.71371140100849e-15 5454.69498687645
1.71371140100849e-15 5451.8733595227
1.71371140100849e-15 5452.04243024464
1.71371140100849e-15 5449.18682880632
1.71371140100849e-15 5452.84719027823
1.71371140100849e-15 5453.06011620428
1.71371140100849e-15 5451.6191383464
1.71371140100849e-15 5447.07910878209
1.71371140100849e-15 5453.65504603687
1.71371140100849e-15 5449.79236901101
1.71371140100849e-15 5452.66753884812
1.71371140100849e-15 5454.63252369362
1.71371140100849e-15 5449.55028536997
1.71371140100849e-15 5451.26411711695
1.71371140100849e-15 5457.12680763529
1.71371140100849e-15 5449.66627664316
1.71371140100849e-15 5448.20225764964
1.71371140100849e-15 5450.31655204997
1.71371140100849e-15 5449.73172797985
1.71371140100849e-15 5452.35630746714
1.71371140100849e-15 5455.45059523302
1.71371140100849e-15 5457.72697996954
1.71371140100849e-15 5454.64486512216
1.71371140100849e-15 5447.09965717421
1.71371140100849e-15 5450.04316316448
1.71371140100849e-15 5449.73887194271
1.71371140100849e-15 5447.36674868101
1.71371140100849e-15 5452.92053007992
1.71371140100849e-15 5456.09310296594
1.71371140100849e-15 5455.15998971464
1.71371140100849e-15 5458.51902920334
1.71371140100849e-15 5445.80732002246
1.71371140100849e-15 5449.49813281995
1.71371140100849e-15 5449.23783859948
1.71371140100849e-15 5450.65015979987
1.71371140100849e-15 5451.3632283405
1.71371140100849e-15 5449.1083096091
1.71371140100849e-15 5453.67260943114
1.71371140100849e-15 5452.10489940965
1.71371140100849e-15 5453.00145882844
1.71371140100849e-15 5453.11534465957
1.71371140100849e-15 5452.23722189516
1.71371140100849e-15 5448.76803088213
1.71371140100849e-15 5448.25507206771
1.71371140100849e-15 5454.06486868188
1.71371140100849e-15 5454.61821361856
1.71371140100849e-15 5459.32612753924
1.71371140100849e-15 5453.15637254253
1.71371140100849e-15 5453.9800562033
1.71371140100849e-15 5449.75493219192
1.71371140100849e-15 5448.32059965957
1.71371140100849e-15 5447.61226670752
1.71371140100849e-15 5445.50144605759
1.71371140100849e-15 5451.69954957411
1.71371140100849e-15 5454.23137703261
1.71371140100849e-15 5454.00232360168
1.71371140100849e-15 5450.97944588477
1.71371140100849e-15 5452.34970476728
1.71371140100849e-15 5453.63964800235
1.71371140100849e-15 5449.32498800223
1.71371140100849e-15 5450.33676911903
1.71371140100849e-15 5453.24780985605
1.71371140100849e-15 5451.80766569369
1.71371140100849e-15 5452.03054503884
1.71371140100849e-15 5453.99343721946
1.71371140100849e-15 5450.97308951153
1.71371140100849e-15 5448.0210376347
1.71371140100849e-15 5448.64694003467
1.71371140100849e-15 5446.46577394423
1.71371140100849e-15 5447.13625820242
1.71371140100849e-15 5446.77193265516
1.71371140100849e-15 5449.89127036459
1.71371140100849e-15 5451.07626285764
1.71371140100849e-15 5455.33937772602
1.71371140100849e-15 5455.01111469763
1.71371140100849e-15 5445.04104391786
1.71371140100849e-15 5446.0727567114
1.71371140100849e-15 5452.59143211438
1.71371140100849e-15 5448.00603448151
1.71371140100849e-15 5453.10762420327
1.71371140100849e-15 5453.18478802583
1.71371140100849e-15 5450.74473785724
1.71371140100849e-15 5456.00936722826
1.71371140100849e-15 5454.57241490881
1.71371140100849e-15 5450.12526433849
1.71371140100849e-15 5439.85295666771
1.71371140100849e-15 5445.9715113064
1.71371140100849e-15 5445.80685147721
1.71371140100849e-15 5456.45629856241
1.71371140100849e-15 5460.79172338131
1.71371140100849e-15 5453.21171475778
1.71371140100849e-15 5457.14343043392
1.71371140100849e-15 5452.56398862871
1.71371140100849e-15 5447.02133129694
1.71371140100849e-15 5446.1271271593
1.71371140100849e-15 5447.27848911191
1.71371140100849e-15 5449.90444650782
1.71371140100849e-15 5451.44348976082
1.71371140100849e-15 5449.76285805623
1.71371140100849e-15 5449.00651490196
1.71371140100849e-15 5450.94976097686
1.71371140100849e-15 5453.53779245601
1.71371140100849e-15 5455.83074049163
1.71371140100849e-15 5458.84863149204
1.71371140100849e-15 5459.4972327329
1.71371140100849e-15 5454.25707783405
1.71371140100849e-15 5446.22840733494
1.71371140100849e-15 5447.14455088702
1.71371140100849e-15 5445.30630010837
1.71371140100849e-15 5446.07655927326
1.71371140100849e-15 5449.13986184857
1.71371140100849e-15 5454.82216432013
1.71371140100849e-15 5458.20217486289
1.71371140100849e-15 5451.19761243794
1.71371140100849e-15 5448.74574155195
1.71371140100849e-15 5450.02677749499
1.71371140100849e-15 5451.37967837584
1.71371140100849e-15 5447.24474519242
1.71371140100849e-15 5448.08833561787
1.71371140100849e-15 5453.4325691271
1.71371140100849e-15 5452.00370368265
1.71371140100849e-15 5453.31532277744
1.71371140100849e-15 5452.9213847835
1.71371140100849e-15 5453.58586971106
1.71371140100849e-15 5453.77226203558
1.71371140100849e-15 5455.73536659459
1.71371140100849e-15 5450.27769600153
1.71371140100849e-15 5446.69687794419
1.71371140100849e-15 5453.51178876145
1.71371140100849e-15 5451.46417134997
1.71371140100849e-15 5452.2197188996
1.71371140100849e-15 5456.6812314383
1.71371140100849e-15 5448.3324275375
1.71371140100849e-15 5444.47184842507
1.71371140100849e-15 5450.9785745681
1.71371140100849e-15 5449.61864143389
1.71371140100849e-15 5451.45363861053
1.71371140100849e-15 5446.44974253174
1.71371140100849e-15 5452.30617465366
1.71371140100849e-15 5452.32415038522
1.71371140100849e-15 5453.99443051293
1.71371140100849e-15 5457.91378183569
1.71371140100849e-15 5449.16693258422
1.71371140100849e-15 5446.27852507088
1.71371140100849e-15 5446.722129292
1.71371140100849e-15 5452.2830070743
1.71371140100849e-15 5449.6818729464
1.71371140100849e-15 5456.34656694714
1.71371140100849e-15 5458.73204863126
1.71371140100849e-15 5453.34459410871
1.71371140100849e-15 5451.5743588567
1.71371140100849e-15 5452.41718325528
1.71371140100849e-15 5450.93263210262
1.71371140100849e-15 5459.7861395142
1.71371140100849e-15 5449.73381823579
1.71371140100849e-15 5446.72765471037
1.71371140100849e-15 5446.55539110264
1.71371140100849e-15 5452.92514409687
1.71371140100849e-15 5449.20575907209
1.71371140100849e-15 5453.50593342729
1.71371140100849e-15 5448.04795487267
1.71371140100849e-15 5446.66599292486
1.71371140100849e-15 5448.03672679086
1.71371140100849e-15 5454.65717573761
1.71371140100849e-15 5452.99888780847
1.71371140100849e-15 5445.92010045668
1.71371140100849e-15 5453.95967299944
1.71371140100849e-15 5449.76517744531
1.71371140100849e-15 5448.08687286904
1.71371140100849e-15 5452.59710454136
1.71371140100849e-15 5455.00459466128
1.71371140100849e-15 5452.64615541469
1.71371140100849e-15 5450.71935514922
1.71371140100849e-15 5450.75465589628
1.71371140100849e-15 5453.13236256538
1.71371140100849e-15 5454.83756933412
1.71371140100849e-15 5447.0776450389
1.71371140100849e-15 5445.23646529435
1.71371140100849e-15 5450.23048760403
1.71371140100849e-15 5450.2011821998
1.71371140100849e-15 5448.32831883669
1.71371140100849e-15 5450.51781305315
1.71371140100849e-15 5455.51342682898
1.71371140100849e-15 5451.69793761951
1.71371140100849e-15 5450.66138015122
1.71371140100849e-15 5451.77314895733
1.71371140100849e-15 5450.09527892919
1.71371140100849e-15 5454.0394577282
1.71371140100849e-15 5449.2897851178
1.71371140100849e-15 5447.18570545273
1.71371140100849e-15 5453.87378358605
1.71371140100849e-15 5455.29120724846
1.71371140100849e-15 5453.21996514272
1.71371140100849e-15 5456.43772909355
1.71371140100849e-15 5448.76025518282
1.71371140100849e-15 5445.92661016483
1.71371140100849e-15 5451.57926035121
1.71371140100849e-15 5454.3322069843
1.71371140100849e-15 5452.36877397246
1.71371140100849e-15 5450.03263284334
1.71371140100849e-15 5443.90305209331
1.71371140100849e-15 5444.33856193111
1.71371140100849e-15 5448.72892418674
1.71371140100849e-15 5453.42259532101
1.71371140100849e-15 5456.1001254613
1.71371140100849e-15 5449.45911393728
1.71371140100849e-15 5446.50103595286
1.71371140100849e-15 5450.08678668969
1.71371140100849e-15 5450.84620485099
1.71371140100849e-15 5451.50165804021
1.71371140100849e-15 5452.02794973226
1.71371140100849e-15 5447.26157374598
1.71371140100849e-15 5451.46822942071
1.71371140100849e-15 5453.34200173966
1.71371140100849e-15 5449.24834386087
1.71371140100849e-15 5452.10735728196
1.71371140100849e-15 5456.42256922255
1.71371140100849e-15 5453.09708867501
1.71371140100849e-15 5451.58595533769
1.71371140100849e-15 5451.32904622445
1.71371140100849e-15 5449.52754304238
1.71371140100849e-15 5450.82616333193
1.71371140100849e-15 5452.43027200545
1.71371140100849e-15 5451.47636183059
1.71371140100849e-15 5448.15243393292
1.71371140100849e-15 5442.95697909318
1.71371140100849e-15 5451.03350566242
1.71371140100849e-15 5451.75660775179
1.71371140100849e-15 5452.73328232262
1.71371140100849e-15 5455.10468589237
1.71371140100849e-15 5455.18332527469
1.71371140100849e-15 5455.26020391751
1.71371140100849e-15 5451.65645165152
1.71371140100849e-15 5452.50751975071
1.71371140100849e-15 5452.38226385457
1.71371140100849e-15 5451.12080831676
1.71371140100849e-15 5446.13161005034
1.71371140100849e-15 5454.87526999881
1.71371140100849e-15 5452.28480125233
1.71371140100849e-15 5448.92972420031
1.71371140100849e-15 5449.89165249878
1.71371140100849e-15 5450.80806161796
1.71371140100849e-15 5453.33349299394
1.71371140100849e-15 5450.42655696382
1.71371140100849e-15 5453.08755300994
1.71371140100849e-15 5450.81181052118
1.71371140100849e-15 5446.4438013685
1.71371140100849e-15 5448.34106484516
1.71371140100849e-15 5451.99015865818
1.71371140100849e-15 5447.60603267939
1.71371140100849e-15 5447.25119283405
1.71371140100849e-15 5452.50064885805
1.71371140100849e-15 5452.38589880303
1.71371140100849e-15 5455.23759809021
1.71371140100849e-15 5446.61768577034
1.71371140100849e-15 5446.29807338417
1.71371140100849e-15 5455.81513230162
1.71371140100849e-15 5452.69442296228
1.71371140100849e-15 5450.60028524705
1.71371140100849e-15 5449.46627709425
1.71371140100849e-15 5450.70508100468
1.71371140100849e-15 5454.16992844738
1.71371140100849e-15 5453.40351915888
1.71371140100849e-15 5453.64418094092
1.71371140100849e-15 5449.30997908422
1.71371140100849e-15 5450.01659170908
1.71371140100849e-15 5453.1109318214
1.71371140100849e-15 5452.70617051369
1.71371140100849e-15 5454.56197795888
1.71371140100849e-15 5459.37384280093
1.71371140100849e-15 5451.44092711365
1.71371140100849e-15 5451.63093300063
1.71371140100849e-15 5448.42504957237
1.71371140100849e-15 5450.28482651454
1.71371140100849e-15 5452.61455460257
1.71371140100849e-15 5448.35719387014
1.71371140100849e-15 5445.93858875116
1.71371140100849e-15 5453.52129805417
1.71371140100849e-15 5451.47679672656
1.71371140100849e-15 5450.56308214546
1.71371140100849e-15 5450.93885272626
1.71371140100849e-15 5448.93144343807
1.71371140100849e-15 5450.98818544869
1.71371140100849e-15 5449.21000082358
1.71371140100849e-15 5450.8599937592
1.71371140100849e-15 5448.35883952247
1.71371140100849e-15 5447.81683144052
1.71371140100849e-15 5453.25894985714
1.71371140100849e-15 5453.61140743327
1.71371140100849e-15 5451.06130707995
1.71371140100849e-15 5452.49944398147
1.71371140100849e-15 5450.71323188795
1.71371140100849e-15 5446.74157634365
1.71371140100849e-15 5451.50438432461
1.71371140100849e-15 5452.30266675443
1.71371140100849e-15 5447.63901876885
1.71371140100849e-15 5447.70341892596
1.71371140100849e-15 5453.2992751696
1.71371140100849e-15 5455.88404610904
1.71371140100849e-15 5460.4159824058
1.71371140100849e-15 5453.2648958248
1.71371140100849e-15 5449.66877674438
1.71371140100849e-15 5452.34671875522
1.71371140100849e-15 5449.16955087024
1.71371140100849e-15 5450.72394407616
1.71371140100849e-15 5449.5162548378
1.71371140100849e-15 5453.08240947466
1.71371140100849e-15 5450.8708095693
1.71371140100849e-15 5450.94375765322
1.71371140100849e-15 5446.47797913482
1.71371140100849e-15 5450.84401206856
1.71371140100849e-15 5448.46354390211
1.71371140100849e-15 5448.08633283324
1.71371140100849e-15 5452.98657661125
1.71371140100849e-15 5456.86322206786
1.71371140100849e-15 5452.7917261592
1.71371140100849e-15 5448.85779519652
1.71371140100849e-15 5447.72018239276
1.71371140100849e-15 5448.43490207969
1.71371140100849e-15 5454.22698137164
1.71371140100849e-15 5450.88083219282
1.71371140100849e-15 5452.4513096062
1.71371140100849e-15 5456.80946642733
1.71371140100849e-15 5455.92163855691
1.71371140100849e-15 5446.38168127289
1.71371140100849e-15 5446.44888033974
1.71371140100849e-15 5448.54273297146
1.71371140100849e-15 5450.88763602394
1.71371140100849e-15 5456.41931087932
1.71371140100849e-15 5454.38663442791
1.71371140100849e-15 5448.67796632474
1.71371140100849e-15 5448.84250508768
1.71371140100849e-15 5449.08956263109
1.71371140100849e-15 5452.20332223757
1.71371140100849e-15 5453.44640571663
1.71371140100849e-15 5453.88415924216
1.71371140100849e-15 5453.01221124507
1.71371140100849e-15 5450.01117444854
1.71371140100849e-15 5454.87044967365
1.71371140100849e-15 5452.12834339612
1.71371140100849e-15 5446.81063124794
1.71371140100849e-15 5449.6698710244
1.71371140100849e-15 5449.68422371008
1.71371140100849e-15 5452.4861746935
1.71371140100849e-15 5463.57160440606
1.71371140100849e-15 5458.29059457095
1.71371140100849e-15 5447.2231164979
1.71371140100849e-15 5445.9715230996
1.71371140100849e-15 5448.94732038269
1.71371140100849e-15 5448.77934773278
1.71371140100849e-15 5452.61995268686
1.71371140100849e-15 5455.29763977696
1.71371140100849e-15 5450.34041537422
1.71371140100849e-15 5453.25899708298
1.71371140100849e-15 5447.49297066044
1.71371140100849e-15 5456.91750610574
1.71371140100849e-15 5451.31766896329
1.71371140100849e-15 5453.39254057847
1.71371140100849e-15 5448.27280317637
1.71371140100849e-15 5447.34171906521
1.71371140100849e-15 5447.31750261182
1.71371140100849e-15 5451.13713100284
1.71371140100849e-15 5452.97741064935
1.71371140100849e-15 5455.91411073107
1.71371140100849e-15 5450.98462977719
1.71371140100849e-15 5447.26236865355
1.71371140100849e-15 5443.97538990145
1.71371140100849e-15 5449.75997138974
1.71371140100849e-15 5450.90856197585
1.71371140100849e-15 5449.9780710728
1.71371140100849e-15 5449.1515494671
1.71371140100849e-15 5454.86777926362
1.71371140100849e-15 5455.77977651683
1.71371140100849e-15 5454.12981496401
1.71371140100849e-15 5448.49988941408
1.71371140100849e-15 5447.02194443974
1.71371140100849e-15 5441.94575555558
1.71371140100849e-15 5447.49170900471
1.71371140100849e-15 5455.52018693948
1.71371140100849e-15 5447.34911930226
1.71371140100849e-15 5446.20669068896
1.71371140100849e-15 5454.72849060172
1.71371140100849e-15 5448.79282900867
1.71371140100849e-15 5445.44287582838
1.71371140100849e-15 5449.33759572895
1.71371140100849e-15 5454.57744215434
1.71371140100849e-15 5457.7943354753
1.71371140100849e-15 5450.76498536631
1.71371140100849e-15 5446.75285634034
1.71371140100849e-15 5453.88930337993
1.71371140100849e-15 5460.6255526907
1.71371140100849e-15 5450.6561721314
1.71371140100849e-15 5444.11580901493
1.71371140100849e-15 5446.5240627301
1.71371140100849e-15 5448.44949468118
1.71371140100849e-15 5460.80429653393
1.71371140100849e-15 5462.6789919588
1.71371140100849e-15 5450.06836581568
1.71371140100849e-15 5442.50395636184
1.71371140100849e-15 5448.57483116318
1.71371140100849e-15 5450.56504189039
1.71371140100849e-15 5452.55368869796
1.71371140100849e-15 5453.82342377303
1.71371140100849e-15 5453.45867230038
1.71371140100849e-15 5452.69325653442
1.71371140100849e-15 5454.03723766335
1.71371140100849e-15 5451.8412845662
1.71371140100849e-15 5446.5224991978
1.71371140100849e-15 5444.99627688726
1.71371140100849e-15 5446.08788675358
1.71371140100849e-15 5447.35368698465
1.71371140100849e-15 5451.58068802004
1.71371140100849e-15 5460.8914748673
1.71371140100849e-15 5457.68564240762
1.71371140100849e-15 5450.8722555152
1.71371140100849e-15 5445.22924775668
1.71371140100849e-15 5442.87982662731
1.71371140100849e-15 5444.00937775498
1.71371140100849e-15 5452.89508861307
1.71371140100849e-15 5458.36402559622
1.71371140100849e-15 5451.48096428638
1.71371140100849e-15 5448.63631738697
1.71371140100849e-15 5448.56889432095
1.71371140100849e-15 5451.57249017662
1.71371140100849e-15 5450.91045773981
1.71371140100849e-15 5447.56084081265
1.71371140100849e-15 5448.60982173499
1.71371140100849e-15 5448.6245790932
1.71371140100849e-15 5452.40515835163
1.71371140100849e-15 5453.7623055133
1.71371140100849e-15 5452.02463434782
1.71371140100849e-15 5453.33266100351
1.71371140100849e-15 5450.28721387348
1.71371140100849e-15 5449.36060943371
1.71371140100849e-15 5450.20206695715
1.71371140100849e-15 5457.32942216715
1.71371140100849e-15 5450.56890057229
1.71371140100849e-15 5449.1629671417
1.71371140100849e-15 5452.57466472386
1.71371140100849e-15 5450.02541020993
1.71371140100849e-15 5450.0262074888
1.71371140100849e-15 5447.8192689433
1.71371140100849e-15 5454.14905993902
1.71371140100849e-15 5459.03306487875
1.71371140100849e-15 5452.06133120075
1.71371140100849e-15 5451.92212331754
1.71371140100849e-15 5448.05114725342
1.71371140100849e-15 5443.93432092787
1.71371140100849e-15 5446.2287058586
1.71371140100849e-15 5450.88624562839
1.71371140100849e-15 5456.305122092
1.71371140100849e-15 5450.93593304407
1.71371140100849e-15 5450.43546243971
1.71371140100849e-15 5450.8129088291
1.71371140100849e-15 5450.82018882954
1.71371140100849e-15 5450.68675979076
1.71371140100849e-15 5449.50174078575
1.71371140100849e-15 5457.94154919374
1.71371140100849e-15 5450.39261182153
1.71371140100849e-15 5452.68215606701
1.71371140100849e-15 5451.79819724106
1.71371140100849e-15 5452.76793510841
1.71371140100849e-15 5452.51172567737
1.71371140100849e-15 5449.29536452851
1.71371140100849e-15 5452.47067542074
1.71371140100849e-15 5454.84819617467
1.71371140100849e-15 5454.57697081825
1.71371140100849e-15 5448.04127783884
1.71371140100849e-15 5446.47926690625
1.71371140100849e-15 5445.33307789186
1.71371140100849e-15 5454.46783219694
1.71371140100849e-15 5460.00925561324
1.71371140100849e-15 5453.74176854955
1.71371140100849e-15 5450.1217892879
1.71371140100849e-15 5446.0623921487
1.71371140100849e-15 5448.21394751679
1.71371140100849e-15 5452.53201569024
1.71371140100849e-15 5456.86739015451
1.71371140100849e-15 5447.05407409801
1.71371140100849e-15 5448.74315373276
1.71371140100849e-15 5450.59741957549
1.71371140100849e-15 5456.45406102008
1.71371140100849e-15 5452.47190085279
1.71371140100849e-15 5449.64168883961
1.71371140100849e-15 5443.94514782175
1.71371140100849e-15 5445.09489904376
1.71371140100849e-15 5443.55220265666
1.71371140100849e-15 5449.37247778799
1.71371140100849e-15 5450.95768872741
1.71371140100849e-15 5453.96462572895
1.71371140100849e-15 5454.22497856879
1.71371140100849e-15 5454.54208318322
1.71371140100849e-15 5450.54503111479
1.71371140100849e-15 5451.37074848938
1.71371140100849e-15 5447.73821791642
1.71371140100849e-15 5446.73273746533
1.71371140100849e-15 5450.43522048178
1.71371140100849e-15 5450.2337996165
1.71371140100849e-15 5451.74390946364
1.71371140100849e-15 5453.23974206583
1.71371140100849e-15 5452.53488341533
1.71371140100849e-15 5452.98636296092
1.71371140100849e-15 5450.97719025163
1.71371140100849e-15 5447.18480763539
1.71371140100849e-15 5449.12805843764
1.71371140100849e-15 5445.84572337599
1.71371140100849e-15 5444.29870779339
1.71371140100849e-15 5449.71714574133
1.71371140100849e-15 5448.68706373792
1.71371140100849e-15 5451.58037230743
1.71371140100849e-15 5451.97091581485
1.71371140100849e-15 5447.46032449692
1.71371140100849e-15 5449.71309334256
1.71371140100849e-15 5450.73533649301
1.71371140100849e-15 5451.98614042631
1.71371140100849e-15 5460.01749256149
1.71371140100849e-15 5461.195887268
1.71371140100849e-15 5453.40839913472
1.71371140100849e-15 5442.75244012129
1.71371140100849e-15 5440.78032228529
1.71371140100849e-15 5443.19718469057
1.71371140100849e-15 5453.75473155977
1.71371140100849e-15 5452.05286893668
1.71371140100849e-15 5454.86738046235
1.71371140100849e-15 5450.99557506029
1.71371140100849e-15 5456.00106847117
1.71371140100849e-15 5452.11550493717
1.71371140100849e-15 5447.75600717085
1.71371140100849e-15 5449.29199325249
1.71371140100849e-15 5451.74574473204
1.71371140100849e-15 5451.68959772964
1.71371140100849e-15 5450.15678050932
1.71371140100849e-15 5449.80570242415
1.71371140100849e-15 5452.16995785191
1.71371140100849e-15 5445.94383481103
1.71371140100849e-15 5452.95714017806
1.71371140100849e-15 5456.04942220456
1.71371140100849e-15 5446.64157274779
1.71371140100849e-15 5448.34290203749
1.71371140100849e-15 5446.01748305736
1.71371140100849e-15 5444.58026012947
1.71371140100849e-15 5455.54113630309
1.71371140100849e-15 5455.67162742938
1.71371140100849e-15 5453.4751942402
1.71371140100849e-15 5454.87678340252
1.71371140100849e-15 5454.03195615554
1.71371140100849e-15 5446.82838295867
1.71371140100849e-15 5445.77789278522
1.71371140100849e-15 5448.35262352344
1.71371140100849e-15 5450.74476003366
1.71371140100849e-15 5448.53448456729
1.71371140100849e-15 5450.71785027599
1.71371140100849e-15 5451.06657280775
1.71371140100849e-15 5447.69150836934
1.71371140100849e-15 5450.66009956457
1.71371140100849e-15 5453.51796619769
1.71371140100849e-15 5452.96618928947
1.71371140100849e-15 5454.19373130256
1.71371140100849e-15 5453.42762950173
1.71371140100849e-15 5447.46436172475
1.71371140100849e-15 5444.88732258549
1.71371140100849e-15 5455.91738964928
1.71371140100849e-15 5457.6705782041
1.71371140100849e-15 5444.81315511231
1.71371140100849e-15 5446.07229046436
1.71371140100849e-15 5450.90126899091
1.71371140100849e-15 5453.42272891767
1.71371140100849e-15 5456.54623821762
1.71371140100849e-15 5451.28192575098
1.71371140100849e-15 5451.72090600248
1.71371140100849e-15 5449.58406610508
1.71371140100849e-15 5443.59305349801
1.71371140100849e-15 5446.97951092503
1.71371140100849e-15 5448.75431382294
1.71371140100849e-15 5446.7453595194
1.71371140100849e-15 5448.18448079098
1.71371140100849e-15 5458.3520403489
1.71371140100849e-15 5458.2771875287
1.71371140100849e-15 5453.80306112095
1.71371140100849e-15 5447.83747579196
1.71371140100849e-15 5445.0688354106
1.71371140100849e-15 5445.07550146254
1.71371140100849e-15 5450.8107563922
1.71371140100849e-15 5455.55137591245
1.71371140100849e-15 5453.60901610092
1.71371140100849e-15 5450.68271005578
1.71371140100849e-15 5451.02950467329
1.71371140100849e-15 5450.32424526617
1.71371140100849e-15 5452.49820117668
1.71371140100849e-15 5450.78796910404
1.71371140100849e-15 5451.16420877605
1.71371140100849e-15 5449.22677882791
1.71371140100849e-15 5443.44745253556
1.71371140100849e-15 5444.01933099015
1.71371140100849e-15 5449.61195351314
1.71371140100849e-15 5448.87450121045
1.71371140100849e-15 5452.25257933818
1.71371140100849e-15 5454.17039399546
1.71371140100849e-15 5456.79954153011
1.71371140100849e-15 5453.46461256573
1.71371140100849e-15 5450.49935186145
1.71371140100849e-15 5450.19025197809
1.71371140100849e-15 5447.23030568791
1.71371140100849e-15 5443.4107612196
1.71371140100849e-15 5448.91049234911
1.71371140100849e-15 5451.06886501553
1.71371140100849e-15 5446.53891798865
1.71371140100849e-15 5450.43981041034
1.71371140100849e-15 5455.37128632572
1.71371140100849e-15 5453.53331116091
1.71371140100849e-15 5448.7067943564
1.71371140100849e-15 5446.1042495698
1.71371140100849e-15 5454.42465676571
1.71371140100849e-15 5461.14801615042
1.71371140100849e-15 5450.20528559505
1.71371140100849e-15 5449.03678456164
1.71371140100849e-15 5451.37538359872
1.71371140100849e-15 5451.53034506201
1.71371140100849e-15 5449.66834009857
1.71371140100849e-15 5446.43322481191
1.71371140100849e-15 5444.14480721895
1.71371140100849e-15 5446.16638981254
1.71371140100849e-15 5457.30977369485
1.71371140100849e-15 5452.51933307689
1.71371140100849e-15 5449.90162921003
1.71371140100849e-15 5451.50006855241
1.71371140100849e-15 5452.4056958678
1.71371140100849e-15 5451.19013600675
1.71371140100849e-15 5451.16015075797
1.71371140100849e-15 5449.16836821067
1.71371140100849e-15 5451.0351459621
1.71371140100849e-15 5452.18113530561
1.71371140100849e-15 5449.44143438139
1.71371140100849e-15 5453.68987181548
1.71371140100849e-15 5449.83127233309
1.71371140100849e-15 5449.12236517313
1.71371140100849e-15 5449.41186458187
1.71371140100849e-15 5446.36850749405
1.71371140100849e-15 5454.18514897983
1.71371140100849e-15 5456.41389352883
1.71371140100849e-15 5450.40968135423
1.71371140100849e-15 5453.07668246391
1.71371140100849e-15 5445.67670948611
1.71371140100849e-15 5444.29091975358
1.71371140100849e-15 5449.44971349809
1.71371140100849e-15 5455.33244273557
1.71371140100849e-15 5456.5215906668
1.71371140100849e-15 5451.84835082136
1.71371140100849e-15 5450.78410821843
1.71371140100849e-15 5452.16426598761
1.71371140100849e-15 5449.01702672753
1.71371140100849e-15 5449.59965379142
1.71371140100849e-15 5451.1713743211
1.71371140100849e-15 5457.79841922918
1.71371140100849e-15 5455.46043285299
1.71371140100849e-15 5454.07262631615
1.71371140100849e-15 5454.37054110805
1.71371140100849e-15 5448.86536690438
1.71371140100849e-15 5449.06259198879
1.71371140100849e-15 5445.39346257396
1.71371140100849e-15 5446.20256297585
1.71371140100849e-15 5448.60905642527
1.71371140100849e-15 5455.69322970666
1.71371140100849e-15 5454.29090665458
1.71371140100849e-15 5450.58307121041
1.71371140100849e-15 5455.77110403406
1.71371140100849e-15 5448.98998695732
1.71371140100849e-15 5444.14054502211
1.71371140100849e-15 5442.75392030062
1.71371140100849e-15 5446.7910194603
1.71371140100849e-15 5450.73281619144
1.71371140100849e-15 5450.0893525585
1.71371140100849e-15 5456.13037139531
1.71371140100849e-15 5457.03120374623
1.71371140100849e-15 5457.08718657135
1.71371140100849e-15 5455.9703550906
1.71371140100849e-15 5451.07406678951
1.71371140100849e-15 5447.61663923384
1.71371140100849e-15 5446.52162650516
1.71371140100849e-15 5450.27047930096
1.71371140100849e-15 5454.37773040299
1.71371140100849e-15 5450.24953953615
1.71371140100849e-15 5447.50037598993
1.71371140100849e-15 5453.44765101207
1.71371140100849e-15 5455.01801423017
1.71371140100849e-15 5449.40568742224
1.71371140100849e-15 5446.53654193326
1.71371140100849e-15 5452.95568565165
1.71371140100849e-15 5448.08181287975
1.71371140100849e-15 5456.01033224011
1.71371140100849e-15 5457.61930390011
1.71371140100849e-15 5446.79164737017
1.71371140100849e-15 5449.18265528226
1.71371140100849e-15 5448.18211982458
1.71371140100849e-15 5451.04713854735
1.71371140100849e-15 5457.10754030282
1.71371140100849e-15 5459.2533829934
1.71371140100849e-15 5451.01768158858
1.71371140100849e-15 5445.73677591076
1.71371140100849e-15 5447.22142708169
1.71371140100849e-15 5444.26560274438
1.71371140100849e-15 5449.94347477081
1.71371140100849e-15 5457.38270849614
1.71371140100849e-15 5454.36444130409
1.71371140100849e-15 5459.06192811533
1.71371140100849e-15 5453.12425196613
1.71371140100849e-15 5450.60514339146
1.71371140100849e-15 5444.70590669075
1.71371140100849e-15 5448.67097305287
1.71371140100849e-15 5446.1091406975
1.71371140100849e-15 5448.47157706053
1.71371140100849e-15 5446.0967480034
1.71371140100849e-15 5448.51771959228
1.71371140100849e-15 5444.50702265474
1.71371140100849e-15 5449.49232597443
1.71371140100849e-15 5452.2711345179
1.71371140100849e-15 5449.64425156057
1.71371140100849e-15 5453.32293369045
1.71371140100849e-15 5457.91858794853
1.71371140100849e-15 5455.58479798565
1.71371140100849e-15 5455.15113045226
1.71371140100849e-15 5450.70465574131
1.71371140100849e-15 5446.71686606681
1.71371140100849e-15 5446.10273714286
1.71371140100849e-15 5448.42533622828
1.71371140100849e-15 5446.73820765294
1.71371140100849e-15 5450.08760190768
1.71371140100849e-15 5458.92837491744
1.71371140100849e-15 5460.46451884107
1.71371140100849e-15 5452.02504419542
1.71371140100849e-15 5445.0796032816
1.71371140100849e-15 5445.78474080219
1.71371140100849e-15 5437.40315119863
1.71371140100849e-15 5444.92159019575
1.71371140100849e-15 5449.31307384225
1.71371140100849e-15 5450.98750011304
1.71371140100849e-15 5457.46194147864
1.71371140100849e-15 5459.83182552435
1.71371140100849e-15 5453.27793434485
1.71371140100849e-15 5450.6729047665
1.71371140100849e-15 5450.84530202847
1.71371140100849e-15 5451.65010341835
1.71371140100849e-15 5450.1428094546
1.71371140100849e-15 5449.68374008507
1.71371140100849e-15 5446.15657747015
1.71371140100849e-15 5445.73591638664
1.71371140100849e-15 5449.0768401384
1.71371140100849e-15 5450.15717674734
1.71371140100849e-15 5454.46534523522
1.71371140100849e-15 5454.02442316069
1.71371140100849e-15 5452.60533694162
1.71371140100849e-15 5448.11910933663
1.71371140100849e-15 5448.30112544384
1.71371140100849e-15 5444.43397598283
1.71371140100849e-15 5448.70659516731
1.71371140100849e-15 5453.56010851075
1.71371140100849e-15 5454.82007555855
1.71371140100849e-15 5448.77951219659
1.71371140100849e-15 5446.86466573461
1.71371140100849e-15 5453.56403610068
1.71371140100849e-15 5452.11084413664
1.71371140100849e-15 5452.72049173865
1.71371140100849e-15 5451.05999183535
1.71371140100849e-15 5453.56333112735
1.71371140100849e-15 5451.93718394448
1.71371140100849e-15 5449.43849469471
1.71371140100849e-15 5448.12308240568
1.71371140100849e-15 5449.58684370784
1.71371140100849e-15 5450.65420316236
1.71371140100849e-15 5448.92327878218
1.71371140100849e-15 5447.38880814319
1.71371140100849e-15 5451.61494538454
1.71371140100849e-15 5451.3833989788
1.71371140100849e-15 5453.78493309533
1.71371140100849e-15 5456.04000910898
1.71371140100849e-15 5452.80187570689
1.71371140100849e-15 5445.35429975203
1.71371140100849e-15 5443.78816488839
1.71371140100849e-15 5449.21702716605
1.71371140100849e-15 5448.64208778195
1.71371140100849e-15 5453.06736022431
1.71371140100849e-15 5448.52435183714
1.71371140100849e-15 5447.10711682005
1.71371140100849e-15 5447.2220749048
1.71371140100849e-15 5448.60071627166
1.71371140100849e-15 5453.12788283096
1.71371140100849e-15 5450.34368245249
1.71371140100849e-15 5451.48115336187
1.71371140100849e-15 5446.82582846515
1.71371140100849e-15 5451.04784552351
1.71371140100849e-15 5445.90422646075
1.71371140100849e-15 5450.26710871361
1.71371140100849e-15 5452.01599070855
1.71371140100849e-15 5448.47893389521
1.71371140100849e-15 5444.06646279317
1.71371140100849e-15 5449.90845655552
1.71371140100849e-15 5450.07714897539
1.71371140100849e-15 5455.21207387792
1.71371140100849e-15 5452.86070080568
1.71371140100849e-15 5453.74912666583
1.71371140100849e-15 5454.39874351432
1.71371140100849e-15 5452.02680336807
1.71371140100849e-15 5444.83647484617
1.71371140100849e-15 5442.44522173824
1.71371140100849e-15 5452.16459129783
1.71371140100849e-15 5459.46049795675
1.71371140100849e-15 5454.30102814001
1.71371140100849e-15 5454.26325599174
1.71371140100849e-15 5452.89359293298
1.71371140100849e-15 5446.12395041279
1.71371140100849e-15 5445.16256452442
1.71371140100849e-15 5454.53426582696
1.71371140100849e-15 5454.76839352766
1.71371140100849e-15 5453.44197871866
1.71371140100849e-15 5450.29708304594
1.71371140100849e-15 5443.6464240176
1.71371140100849e-15 5444.6729287813
1.71371140100849e-15 5451.31576389333
1.71371140100849e-15 5454.39584011895
1.71371140100849e-15 5453.98725741949
1.71371140100849e-15 5457.92459202154
1.71371140100849e-15 5458.49331400993
1.71371140100849e-15 5456.40982307448
1.71371140100849e-15 5452.83393001954
1.71371140100849e-15 5447.88143494795
1.71371140100849e-15 5449.80864170161
1.71371140100849e-15 5445.58567108842
1.71371140100849e-15 5443.63420567522
1.71371140100849e-15 5447.49114472683
1.71371140100849e-15 5451.47173217423
1.71371140100849e-15 5455.93525224459
1.71371140100849e-15 5447.16405479721
1.71371140100849e-15 5448.92176866327
1.71371140100849e-15 5451.97465155546
1.71371140100849e-15 5455.09113472342
1.71371140100849e-15 5458.79488351966
1.71371140100849e-15 5449.78471879389
1.71371140100849e-15 5445.70859316042
1.71371140100849e-15 5448.10557114356
1.71371140100849e-15 5452.49257152417
1.71371140100849e-15 5458.08304721738
1.71371140100849e-15 5456.48634132324
1.71371140100849e-15 5451.37241536963
1.71371140100849e-15 5446.21041451848
1.71371140100849e-15 5451.81203044114
1.71371140100849e-15 5457.20527901634
1.71371140100849e-15 5451.82876228186
1.71371140100849e-15 5445.18901441174
1.71371140100849e-15 5445.36045597342
1.71371140100849e-15 5447.37701532962
1.71371140100849e-15 5451.63631118791
1.71371140100849e-15 5455.17791303544
1.71371140100849e-15 5454.46301829882
1.71371140100849e-15 5450.36823524267
1.71371140100849e-15 5450.83783755539
1.71371140100849e-15 5446.01882953806
1.71371140100849e-15 5450.56428325269
1.71371140100849e-15 5451.80115388471
1.71371140100849e-15 5452.25444244726
1.71371140100849e-15 5455.23447003913
1.71371140100849e-15 5450.66549530417
1.71371140100849e-15 5448.03261293322
1.71371140100849e-15 5445.49589819072
1.71371140100849e-15 5445.48021181354
1.71371140100849e-15 5448.06272885812
1.71371140100849e-15 5450.85772706435
1.71371140100849e-15 5454.04384564108
1.71371140100849e-15 5455.94477111479
1.71371140100849e-15 5450.26689882488
1.71371140100849e-15 5452.0511798045
1.71371140100849e-15 5449.74387367632
1.71371140100849e-15 5444.95373957277
1.71371140100849e-15 5445.87014568813
1.71371140100849e-15 5454.71211974625
1.71371140100849e-15 5454.65582242591
1.71371140100849e-15 5457.92587842548
1.71371140100849e-15 5453.61962579016
1.71371140100849e-15 5445.82359841691
1.71371140100849e-15 5447.53086587996
1.71371140100849e-15 5451.73887107756
1.71371140100849e-15 5454.751363722
1.71371140100849e-15 5455.69291483202
1.71371140100849e-15 5455.74414308378
1.71371140100849e-15 5456.23407250693
1.71371140100849e-15 5449.4075510868
1.71371140100849e-15 5453.19038899718
1.71371140100849e-15 5447.69348381451
1.71371140100849e-15 5446.6983681767
1.71371140100849e-15 5448.33119963277
1.71371140100849e-15 5450.4903378439
1.71371140100849e-15 5452.83270363328
1.71371140100849e-15 5456.20928219821
1.71371140100849e-15 5452.39554394145
1.71371140100849e-15 5449.96885489143
1.71371140100849e-15 5448.30168622679
1.71371140100849e-15 5448.94758785096
1.71371140100849e-15 5454.36342765989
1.71371140100849e-15 5457.80778526447
1.71371140100849e-15 5453.12515807194
1.71371140100849e-15 5448.57157438777
1.71371140100849e-15 5449.43635885024
1.71371140100849e-15 5450.0817458607
1.71371140100849e-15 5449.80928663527
1.71371140100849e-15 5451.02584628764
1.71371140100849e-15 5456.18153255871
1.71371140100849e-15 5459.18246405424
1.71371140100849e-15 5455.49208913701
1.71371140100849e-15 5447.80356322633
1.71371140100849e-15 5450.36886314201
1.71371140100849e-15 5453.58377570616
1.71371140100849e-15 5452.21399778009
1.71371140100849e-15 5446.77240150661
1.71371140100849e-15 5446.39624275615
1.71371140100849e-15 5453.89685408008
1.71371140100849e-15 5452.05924935828
1.71371140100849e-15 5454.62822526312
1.71371140100849e-15 5449.08375274788
1.71371140100849e-15 5448.1883692674
1.71371140100849e-15 5453.23081282343
1.71371140100849e-15 5453.13865943516
1.71371140100849e-15 5449.64974395259
1.71371140100849e-15 5446.88104201598
1.71371140100849e-15 5447.83950774162
1.71371140100849e-15 5457.38895276921
1.71371140100849e-15 5460.20704366546
1.71371140100849e-15 5458.88938181007
1.71371140100849e-15 5452.22165611567
1.71371140100849e-15 5445.71696549083
1.71371140100849e-15 5444.070581145
1.71371140100849e-15 5442.86929967533
1.71371140100849e-15 5445.75942798255
1.71371140100849e-15 5455.56457010322
1.71371140100849e-15 5455.75041161646
1.71371140100849e-15 5456.46092463237
1.71371140100849e-15 5455.27022285181
1.71371140100849e-15 5449.94465120413
1.71371140100849e-15 5447.66443567574
1.71371140100849e-15 5454.84171214526
1.71371140100849e-15 5452.54551861516
1.71371140100849e-15 5454.07407888473
1.71371140100849e-15 5455.03001728328
1.71371140100849e-15 5449.77454918787
1.71371140100849e-15 5444.74630856197
1.71371140100849e-15 5447.02822726654
1.71371140100849e-15 5447.49667661573
1.71371140100849e-15 5453.11865433098
1.71371140100849e-15 5460.12942020066
1.71371140100849e-15 5456.72384053787
1.71371140100849e-15 5450.99570495611
1.71371140100849e-15 5446.33127576682
1.71371140100849e-15 5449.10034344007
1.71371140100849e-15 5449.16634896601
1.71371140100849e-15 5447.23454036634
1.71371140100849e-15 5447.62924758469
1.71371140100849e-15 5446.92681334247
1.71371140100849e-15 5456.91524618843
1.71371140100849e-15 5451.88190769102
1.71371140100849e-15 5447.08716861551
1.71371140100849e-15 5455.97259274831
1.71371140100849e-15 5449.99204668456
1.71371140100849e-15 5448.26206169882
1.71371140100849e-15 5448.57339198958
1.71371140100849e-15 5454.86132115527
1.71371140100849e-15 5455.38907069944
1.71371140100849e-15 5452.86447438789
1.71371140100849e-15 5449.17544412903
1.71371140100849e-15 5449.24056305096
1.71371140100849e-15 5447.80425196119
1.71371140100849e-15 5452.43696721528
1.71371140100849e-15 5452.29717991111
1.71371140100849e-15 5451.1897124998
1.71371140100849e-15 5450.75262952571
1.71371140100849e-15 5447.53044242408
1.71371140100849e-15 5451.28807188301
1.71371140100849e-15 5452.93191956717
1.71371140100849e-15 5451.68134313342
1.71371140100849e-15 5451.553025387
1.71371140100849e-15 5451.39181772533
1.71371140100849e-15 5453.53460607705
1.71371140100849e-15 5449.67833414755
1.71371140100849e-15 5450.08762924237
1.71371140100849e-15 5444.60739216093
1.71371140100849e-15 5444.8959855003
1.71371140100849e-15 5449.39990985922
1.71371140100849e-15 5452.56841167127
1.71371140100849e-15 5456.67438942287
1.71371140100849e-15 5459.0636220537
1.71371140100849e-15 5455.37940541182
1.71371140100849e-15 5448.71214950709
1.71371140100849e-15 5450.66233921534
1.71371140100849e-15 5451.23629224681
1.71371140100849e-15 5452.0675783998
1.71371140100849e-15 5453.12808885164
1.71371140100849e-15 5451.32162304311
1.71371140100849e-15 5445.37990003392
1.71371140100849e-15 5452.75180338931
1.71371140100849e-15 5453.39146172906
1.71371140100849e-15 5453.08381886348
1.71371140100849e-15 5447.00148246876
1.71371140100849e-15 5449.61911143947
1.71371140100849e-15 5450.89128833039
1.71371140100849e-15 5451.07881637156
1.71371140100849e-15 5455.78934412811
1.71371140100849e-15 5459.65922483705
1.71371140100849e-15 5452.45668009141
1.71371140100849e-15 5455.08687009364
1.71371140100849e-15 5451.71779961477
1.71371140100849e-15 5445.74922945744
1.71371140100849e-15 5446.76944013935
1.71371140100849e-15 5452.47159394236
1.71371140100849e-15 5448.90527999235
1.71371140100849e-15 5451.22162829267
1.71371140100849e-15 5456.83937818067
1.71371140100849e-15 5453.72210404054
1.71371140100849e-15 5454.63087470611
1.71371140100849e-15 5457.79930820095
1.71371140100849e-15 5454.67376732449
1.71371140100849e-15 5444.70003107384
1.71371140100849e-15 5449.51355947311
1.71371140100849e-15 5450.77713772501
1.71371140100849e-15 5447.30730781208
1.71371140100849e-15 5449.58495345685
1.71371140100849e-15 5452.13057421426
1.71371140100849e-15 5455.6993943862
1.71371140100849e-15 5453.8213187224
1.71371140100849e-15 5451.49858008931
1.71371140100849e-15 5443.30867521181
1.71371140100849e-15 5452.56752226091
1.71371140100849e-15 5455.95731265225
1.71371140100849e-15 5445.90453757123
1.71371140100849e-15 5446.17647829695
1.71371140100849e-15 5446.70379796192
1.71371140100849e-15 5452.10382434504
1.71371140100849e-15 5454.47391504731
1.71371140100849e-15 5459.80704671492
1.71371140100849e-15 5455.22450700967
1.71371140100849e-15 5451.39594026829
1.71371140100849e-15 5449.9983941547
1.71371140100849e-15 5447.98039452648
1.71371140100849e-15 5450.4481469969
1.71371140100849e-15 5457.13732112898
1.71371140100849e-15 5457.95692086839
1.71371140100849e-15 5448.44040059928
1.71371140100849e-15 5445.41276070556
1.71371140100849e-15 5454.27043355461
1.71371140100849e-15 5450.34256193783
1.71371140100849e-15 5452.39256243864
1.71371140100849e-15 5450.33592182157
1.71371140100849e-15 5447.41312739185
1.71371140100849e-15 5449.64715464912
1.71371140100849e-15 5453.28154521952
1.71371140100849e-15 5453.20576120597
1.71371140100849e-15 5456.14602717092
1.71371140100849e-15 5451.75294676733
1.71371140100849e-15 5451.87691931851
1.71371140100849e-15 5452.50741272578
1.71371140100849e-15 5446.60402116601
1.71371140100849e-15 5451.9906879208
1.71371140100849e-15 5457.8039364687
1.71371140100849e-15 5452.04277900703
1.71371140100849e-15 5449.23902837421
1.71371140100849e-15 5450.31588078496
1.71371140100849e-15 5448.44355365747
1.71371140100849e-15 5445.80031048138
1.71371140100849e-15 5452.95661120321
1.71371140100849e-15 5457.64191258412
1.71371140100849e-15 5453.84850814841
1.71371140100849e-15 5446.91702093733
1.71371140100849e-15 5446.26528024084
1.71371140100849e-15 5454.79406166697
1.71371140100849e-15 5452.45706211351
1.71371140100849e-15 5452.95425531778
1.71371140100849e-15 5445.8799676174
1.71371140100849e-15 5446.29033947502
1.71371140100849e-15 5450.88881605129
1.71371140100849e-15 5453.90114117046
1.71371140100849e-15 5447.50025496937
1.71371140100849e-15 5457.79491104332
1.71371140100849e-15 5454.05969180765
1.71371140100849e-15 5452.1839734453
1.71371140100849e-15 5451.25554391474
1.71371140100849e-15 5448.04932110989
1.71371140100849e-15 5448.03745051743
1.71371140100849e-15 5451.87810175123
1.71371140100849e-15 5453.58250252623
1.71371140100849e-15 5455.18747798168
1.71371140100849e-15 5455.04385038926
1.71371140100849e-15 5448.30877017586
1.71371140100849e-15 5447.5650266294
1.71371140100849e-15 5449.2090552379
1.71371140100849e-15 5445.17031132928
1.71371140100849e-15 5450.60448934087
1.71371140100849e-15 5448.85891158593
1.71371140100849e-15 5449.69006615689
1.71371140100849e-15 5454.91207285096
1.71371140100849e-15 5456.60235414445
1.71371140100849e-15 5457.28128521906
1.71371140100849e-15 5447.55327635641
1.71371140100849e-15 5449.91933385136
1.71371140100849e-15 5450.0530713838
1.71371140100849e-15 5452.3619537789
1.71371140100849e-15 5452.83287400226
1.71371140100849e-15 5448.16029239283
1.71371140100849e-15 5452.18244189057
1.71371140100849e-15 5455.16877263394
1.71371140100849e-15 5456.70006656272
1.71371140100849e-15 5453.42105638529
1.71371140100849e-15 5446.24836593241
1.71371140100849e-15 5449.21276650793
1.71371140100849e-15 5453.67449017029
1.71371140100849e-15 5452.19177881479
1.71371140100849e-15 5453.94969217951
1.71371140100849e-15 5454.54186252882
1.71371140100849e-15 5453.07328815375
1.71371140100849e-15 5454.84734087405
1.71371140100849e-15 5453.68314627931
1.71371140100849e-15 5447.78446194272
1.71371140100849e-15 5450.87638974374
1.71371140100849e-15 5455.6659703922
1.71371140100849e-15 5456.24680470301
1.71371140100849e-15 5452.88610274497
1.71371140100849e-15 5450.96110577297
1.71371140100849e-15 5448.15956601002
1.71371140100849e-15 5454.13985196993
1.71371140100849e-15 5454.81104074836
1.71371140100849e-15 5452.76799003317
1.71371140100849e-15 5452.02206276876
1.71371140100849e-15 5450.02844068784
1.71371140100849e-15 5452.13791361037
1.71371140100849e-15 5452.06829715521
1.71371140100849e-15 5452.41834122793
1.71371140100849e-15 5451.21675293472
1.71371140100849e-15 5454.38752419886
1.71371140100849e-15 5452.42740167614
1.71371140100849e-15 5451.78834737787
1.71371140100849e-15 5457.21406465416
1.71371140100849e-15 5450.72417874137
1.71371140100849e-15 5449.30030255975
1.71371140100849e-15 5451.3645179831
1.71371140100849e-15 5452.10696010054
1.71371140100849e-15 5451.66354632185
1.71371140100849e-15 5450.25145419553
1.71371140100849e-15 5446.14412131026
1.71371140100849e-15 5452.48172386785
1.71371140100849e-15 5456.20043585201
1.71371140100849e-15 5450.03372405773
1.71371140100849e-15 5454.11842846913
1.71371140100849e-15 5450.1429121101
1.71371140100849e-15 5450.51287387986
1.71371140100849e-15 5454.82695608572
1.71371140100849e-15 5455.95897391932
1.71371140100849e-15 5453.87691555748
1.71371140100849e-15 5448.5260790419
1.71371140100849e-15 5451.67194859747
1.71371140100849e-15 5450.21564117341
1.71371140100849e-15 5446.37571245083
1.71371140100849e-15 5444.43603704019
1.71371140100849e-15 5454.89423278457
1.71371140100849e-15 5452.77848274034
1.71371140100849e-15 5452.17295440058
1.71371140100849e-15 5455.07166353142
1.71371140100849e-15 5458.16649420921
1.71371140100849e-15 5455.26719208481
1.71371140100849e-15 5449.45226555203
1.71371140100849e-15 5450.76538031015
1.71371140100849e-15 5447.93920034394
1.71371140100849e-15 5449.27316611411
1.71371140100849e-15 5457.40254672437
1.71371140100849e-15 5454.82751822733
1.71371140100849e-15 5451.84250802564
1.71371140100849e-15 5450.73505929115
1.71371140100849e-15 5449.91318711646
1.71371140100849e-15 5447.85133092736
1.71371140100849e-15 5454.38541086873
1.71371140100849e-15 5452.50059348223
1.71371140100849e-15 5452.6032588306
1.71371140100849e-15 5451.48550784757
1.71371140100849e-15 5448.31821163184
1.71371140100849e-15 5449.40221327495
1.71371140100849e-15 5457.17325494404
1.71371140100849e-15 5458.75066142228
1.71371140100849e-15 5456.40094854294
1.71371140100849e-15 5455.4710048614
1.71371140100849e-15 5447.41840791911
1.71371140100849e-15 5449.69942156757
1.71371140100849e-15 5451.36619176632
1.71371140100849e-15 5450.93156844632
1.71371140100849e-15 5452.77102806661
1.71371140100849e-15 5455.47243218816
1.71371140100849e-15 5452.6216951243
1.71371140100849e-15 5448.29225173766
1.71371140100849e-15 5444.44341597311
1.71371140100849e-15 5456.83265638686
1.71371140100849e-15 5457.58510601525
1.71371140100849e-15 5454.14823376207
1.71371140100849e-15 5452.65281159746
1.71371140100849e-15 5449.38555802608
1.71371140100849e-15 5445.66376657038
1.71371140100849e-15 5449.93890070748
1.71371140100849e-15 5450.34051643361
1.71371140100849e-15 5459.26527473811
1.71371140100849e-15 5458.28851913509
1.71371140100849e-15 5450.89636786115
1.71371140100849e-15 5447.99564409266
1.71371140100849e-15 5445.12981974668
1.71371140100849e-15 5448.02984557064
1.71371140100849e-15 5455.54274218778
1.71371140100849e-15 5456.46647389291
1.71371140100849e-15 5453.79220181001
1.71371140100849e-15 5454.43666754429
1.71371140100849e-15 5457.05366916845
1.71371140100849e-15 5449.12227306053
1.71371140100849e-15 5442.50259287826
1.71371140100849e-15 5442.83565944234
1.71371140100849e-15 5453.47887254051
1.71371140100849e-15 5455.59147169437
1.71371140100849e-15 5455.83707450444
1.71371140100849e-15 5452.6169120165
1.71371140100849e-15 5447.20047725751
1.71371140100849e-15 5449.71559521732
1.71371140100849e-15 5454.27910659113
1.71371140100849e-15 5452.93233553703
1.71371140100849e-15 5451.17728029339
1.71371140100849e-15 5444.31325221863
1.71371140100849e-15 5450.64977814977
1.71371140100849e-15 5461.86001871788
1.71371140100849e-15 5456.27885753109
1.71371140100849e-15 5452.29482382135
1.71371140100849e-15 5452.97014213164
1.71371140100849e-15 5450.24465936735
1.71371140100849e-15 5449.56457738705
1.71371140100849e-15 5452.3806205766
1.71371140100849e-15 5458.32927244383
1.71371140100849e-15 5453.26392200731
1.71371140100849e-15 5454.73391812711
1.71371140100849e-15 5457.25341394049
1.71371140100849e-15 5449.04379549337
1.71371140100849e-15 5450.52564070625
1.71371140100849e-15 5451.78460001543
1.71371140100849e-15 5453.42617006892
1.71371140100849e-15 5450.63422157306
1.71371140100849e-15 5452.55299192748
1.71371140100849e-15 5454.14304691183
1.71371140100849e-15 5452.67451693138
1.71371140100849e-15 5447.64592452529
1.71371140100849e-15 5447.70207802236
1.71371140100849e-15 5451.40504489787
1.71371140100849e-15 5451.66157718917
1.71371140100849e-15 5451.67645210322
1.71371140100849e-15 5450.07954913366
1.71371140100849e-15 5451.65028725483
1.71371140100849e-15 5451.60935521065
1.71371140100849e-15 5450.66676266921
1.71371140100849e-15 5449.87768644818
1.71371140100849e-15 5450.91823865768
1.71371140100849e-15 5457.94669854691
1.71371140100849e-15 5450.05747943706
1.71371140100849e-15 5451.42274556554
1.71371140100849e-15 5452.51841302048
1.71371140100849e-15 5448.64631798961
1.71371140100849e-15 5453.09494722398
1.71371140100849e-15 5451.77858817964
1.71371140100849e-15 5452.21638431008
1.71371140100849e-15 5455.71534018046
1.71371140100849e-15 5449.15632668702
1.71371140100849e-15 5446.17068575046
1.71371140100849e-15 5455.31747388814
1.71371140100849e-15 5456.22199602698
1.71371140100849e-15 5449.21561443264
1.71371140100849e-15 5443.0925767338
1.71371140100849e-15 5449.18640751186
1.71371140100849e-15 5455.51241872959
1.71371140100849e-15 5453.16607210277
1.71371140100849e-15 5444.00338859121
1.71371140100849e-15 5449.02033938246
1.71371140100849e-15 5455.96860963821
1.71371140100849e-15 5456.11439738535
1.71371140100849e-15 5454.92341912783
1.71371140100849e-15 5453.95757082106
1.71371140100849e-15 5451.60892782698
1.71371140100849e-15 5454.35651555843
1.71371140100849e-15 5452.33731917444
1.71371140100849e-15 5451.61711620078
1.71371140100849e-15 5444.42129095205
1.71371140100849e-15 5446.22273101268
1.71371140100849e-15 5452.03221219896
1.71371140100849e-15 5456.73742228236
1.71371140100849e-15 5461.24270687004
1.71371140100849e-15 5450.56764700859
1.71371140100849e-15 5448.73767049036
1.71371140100849e-15 5450.46144086044
1.71371140100849e-15 5450.40683284729
1.71371140100849e-15 5452.88448492923
1.71371140100849e-15 5451.05269481797
1.71371140100849e-15 5451.52704875028
1.71371140100849e-15 5452.40235141583
1.71371140100849e-15 5448.22722556709
1.71371140100849e-15 5449.48539879554
1.71371140100849e-15 5448.53389484792
1.71371140100849e-15 5451.06199217738
1.71371140100849e-15 5454.22929003398
1.71371140100849e-15 5461.81794310447
1.71371140100849e-15 5460.33187720246
1.71371140100849e-15 5451.4872067019
1.71371140100849e-15 5451.6530297294
1.71371140100849e-15 5445.90330216785
1.71371140100849e-15 5448.1778712306
1.71371140100849e-15 5452.50541038991
1.71371140100849e-15 5447.61643804569
1.71371140100849e-15 5451.57037035168
1.71371140100849e-15 5455.6613124374
1.71371140100849e-15 5452.04059274449
1.71371140100849e-15 5454.2762350314
1.71371140100849e-15 5450.80361356959
1.71371140100849e-15 5451.39649161022
1.71371140100849e-15 5448.47337130182
1.71371140100849e-15 5447.71250272845
1.71371140100849e-15 5445.50570430885
1.71371140100849e-15 5445.96515731217
1.71371140100849e-15 5455.58809061335
1.71371140100849e-15 5457.00107365971
1.71371140100849e-15 5454.7578461066
1.71371140100849e-15 5454.51146432528
1.71371140100849e-15 5455.73417147749
1.71371140100849e-15 5452.29104424511
1.71371140100849e-15 5451.96418337204
1.71371140100849e-15 5446.83340669205
1.71371140100849e-15 5452.50188834941
1.71371140100849e-15 5449.2632112116
1.71371140100849e-15 5448.01985085407
1.71371140100849e-15 5453.53570234105
1.71371140100849e-15 5451.26096522497
1.71371140100849e-15 5447.06207820089
1.71371140100849e-15 5449.10486097687
1.71371140100849e-15 5447.57911464279
1.71371140100849e-15 5448.61499266111
1.71371140100849e-15 5454.30463624165
1.71371140100849e-15 5459.79792800243
1.71371140100849e-15 5453.75221371658
1.71371140100849e-15 5450.18956586759
1.71371140100849e-15 5451.42970118886
1.71371140100849e-15 5455.34861911085
1.71371140100849e-15 5447.76617382512
1.71371140100849e-15 5446.6578017868
1.71371140100849e-15 5451.0114149467
1.71371140100849e-15 5454.37188000439
1.71371140100849e-15 5460.04376797261
1.71371140100849e-15 5455.85487629304
1.71371140100849e-15 5451.50039679945
1.71371140100849e-15 5449.47334731587
1.71371140100849e-15 5449.09323952306
1.71371140100849e-15 5449.89582419826
1.71371140100849e-15 5451.7322586004
1.71371140100849e-15 5452.47273981099
1.71371140100849e-15 5449.54804701272
1.71371140100849e-15 5449.70923037207
1.71371140100849e-15 5454.24964849103
1.71371140100849e-15 5450.55774084627
1.71371140100849e-15 5452.42336829764
1.71371140100849e-15 5454.36125632421
1.71371140100849e-15 5453.57732787245
1.71371140100849e-15 5450.04926083338
1.71371140100849e-15 5454.512014232
1.71371140100849e-15 5450.41476931983
1.71371140100849e-15 5446.65702259356
1.71371140100849e-15 5449.39585739105
1.71371140100849e-15 5455.4639099051
1.71371140100849e-15 5454.84964419766
1.71371140100849e-15 5451.00121512779
1.71371140100849e-15 5449.8910131188
1.71371140100849e-15 5451.56466221387
1.71371140100849e-15 5451.08157776741
1.71371140100849e-15 5444.5777158395
1.71371140100849e-15 5451.59738912495
1.71371140100849e-15 5458.76308767235
1.71371140100849e-15 5453.17733072434
1.71371140100849e-15 5450.73157567044
1.71371140100849e-15 5450.10552511099
1.71371140100849e-15 5453.94568255424
1.71371140100849e-15 5455.32617241388
1.71371140100849e-15 5450.82672957049
1.71371140100849e-15 5451.41938861774
1.71371140100849e-15 5453.81531420306
1.71371140100849e-15 5454.6194608642
1.71371140100849e-15 5453.36720369718
1.71371140100849e-15 5456.95058515194
1.71371140100849e-15 5452.01762497818
1.71371140100849e-15 5450.42521340462
1.71371140100849e-15 5448.92842688374
1.71371140100849e-15 5448.25949263453
1.71371140100849e-15 5446.94949599492
1.71371140100849e-15 5450.71732852878
1.71371140100849e-15 5454.48341238065
1.71371140100849e-15 5458.23211120874
1.71371140100849e-15 5452.5202221453
1.71371140100849e-15 5452.68770964405
1.71371140100849e-15 5449.44290534537
1.71371140100849e-15 5445.4223344755
1.71371140100849e-15 5447.32660444974
1.71371140100849e-15 5452.81591691771
1.71371140100849e-15 5454.76958357102
1.71371140100849e-15 5452.69441466176
1.71371140100849e-15 5451.93453179817
1.71371140100849e-15 5454.26086782516
1.71371140100849e-15 5451.32144676144
1.71371140100849e-15 5451.80126394138
1.71371140100849e-15 5451.44922614802
1.71371140100849e-15 5460.72373178256
1.71371140100849e-15 5454.93391363533
1.71371140100849e-15 5452.21624081786
1.71371140100849e-15 5450.70084514948
1.71371140100849e-15 5453.50099589262
1.71371140100849e-15 5453.03977167708
1.71371140100849e-15 5452.79806452371
1.71371140100849e-15 5454.58220942441
1.71371140100849e-15 5453.90424592188
1.71371140100849e-15 5447.64311516845
1.71371140100849e-15 5443.66629089055
1.71371140100849e-15 5448.04463275299
1.71371140100849e-15 5453.87117776774
1.71371140100849e-15 5454.59382455911
1.71371140100849e-15 5455.62447085188
1.71371140100849e-15 5458.31266016771
1.71371140100849e-15 5451.2081594327
1.71371140100849e-15 5453.63918932639
1.71371140100849e-15 5453.77214852778
1.71371140100849e-15 5449.02401916993
1.71371140100849e-15 5447.23128894863
1.71371140100849e-15 5450.32031997354
1.71371140100849e-15 5455.33997660089
1.71371140100849e-15 5457.5940299542
1.71371140100849e-15 5451.65589138289
1.71371140100849e-15 5455.62736893632
1.71371140100849e-15 5452.01658399293
1.71371140100849e-15 5447.98386458763
1.71371140100849e-15 5448.27256602852
1.71371140100849e-15 5452.75085634664
1.71371140100849e-15 5458.41510931277
1.71371140100849e-15 5454.50563374186
1.71371140100849e-15 5452.30549599436
1.71371140100849e-15 5452.41551997691
1.71371140100849e-15 5449.13215557359
1.71371140100849e-15 5445.23875996217
1.71371140100849e-15 5449.93147401275
1.71371140100849e-15 5457.66403293297
1.71371140100849e-15 5459.87801003195
1.71371140100849e-15 5458.67300982172
1.71371140100849e-15 5455.52076765869
1.71371140100849e-15 5449.58146074378
1.71371140100849e-15 5449.16524892091
1.71371140100849e-15 5444.49557902281
1.71371140100849e-15 5445.20368676483
1.71371140100849e-15 5448.71623296219
1.71371140100849e-15 5450.66728395183
1.71371140100849e-15 5457.19133823922
1.71371140100849e-15 5462.77923662831
1.71371140100849e-15 5455.6697789627
1.71371140100849e-15 5450.34458462207
1.71371140100849e-15 5450.97404223706
1.71371140100849e-15 5447.05182849281
1.71371140100849e-15 5450.02098959013
1.71371140100849e-15 5452.11704013656
1.71371140100849e-15 5452.55746270908
1.71371140100849e-15 5454.99278108084
1.71371140100849e-15 5455.65476985212
1.71371140100849e-15 5450.91278866275
1.71371140100849e-15 5446.06180854145
1.71371140100849e-15 5444.15174368141
1.71371140100849e-15 5453.30647477378
1.71371140100849e-15 5454.75834031829
1.71371140100849e-15 5452.73589673929
1.71371140100849e-15 5454.54869734822
1.71371140100849e-15 5458.17611766872
1.71371140100849e-15 5456.90867719538
1.71371140100849e-15 5447.0936577934
1.71371140100849e-15 5445.83057898405
1.71371140100849e-15 5450.6031714995
1.71371140100849e-15 5455.24096724212
1.71371140100849e-15 5456.21538862767
1.71371140100849e-15 5453.29484385716
1.71371140100849e-15 5453.32159174442
1.71371140100849e-15 5450.90911182232
1.71371140100849e-15 5449.25180163672
1.71371140100849e-15 5450.9272258844
1.71371140100849e-15 5453.54302089276
1.71371140100849e-15 5454.24321932729
1.71371140100849e-15 5455.05824956153
1.71371140100849e-15 5450.96597953092
1.71371140100849e-15 5451.09376168007
1.71371140100849e-15 5445.61465447556
1.71371140100849e-15 5442.80661898104
1.71371140100849e-15 5451.44233384788
1.71371140100849e-15 5459.26669927494
1.71371140100849e-15 5461.0523912109
1.71371140100849e-15 5457.6471024913
1.71371140100849e-15 5451.40877273278
1.71371140100849e-15 5445.19882831427
1.71371140100849e-15 5453.44462664239
1.71371140100849e-15 5451.50042325908
1.71371140100849e-15 5448.04723075825
1.71371140100849e-15 5449.64870846921
1.71371140100849e-15 5451.58620962694
1.71371140100849e-15 5451.46784560405
1.71371140100849e-15 5459.1453094178
1.71371140100849e-15 5454.13704606858
1.71371140100849e-15 5453.06983436548
1.71371140100849e-15 5453.01998412505
1.71371140100849e-15 5451.05526472953
1.71371140100849e-15 5445.0378054098
1.71371140100849e-15 5451.89429064779
1.71371140100849e-15 5453.5009418261
1.71371140100849e-15 5449.04945820121
1.71371140100849e-15 5452.81266690879
1.71371140100849e-15 5454.49265979395
1.71371140100849e-15 5449.69633933376
1.71371140100849e-15 5450.02242358784
1.71371140100849e-15 5450.80539148548
1.71371140100849e-15 5447.64540342806
1.71371140100849e-15 5452.26878575915
1.71371140100849e-15 5452.73776473295
1.71371140100849e-15 5452.84318222995
1.71371140100849e-15 5450.49160414478
1.71371140100849e-15 5450.51864084263
1.71371140100849e-15 5452.84576573961
1.71371140100849e-15 5449.26279459778
1.71371140100849e-15 5452.48700749191
1.71371140100849e-15 5454.80778968672
1.71371140100849e-15 5450.06003087998
1.71371140100849e-15 5452.31108575705
1.71371140100849e-15 5451.14476796255
1.71371140100849e-15 5453.77183149636
1.71371140100849e-15 5452.38633577915
1.71371140100849e-15 5450.23358648438
1.71371140100849e-15 5453.38152614688
1.71371140100849e-15 5451.07824573463
1.71371140100849e-15 5449.89500045649
1.71371140100849e-15 5450.85999997262
1.71371140100849e-15 5451.94054962637
1.71371140100849e-15 5452.43576558046
1.71371140100849e-15 5457.43114588843
1.71371140100849e-15 5452.93184931759
1.71371140100849e-15 5453.21304697906
1.71371140100849e-15 5454.39946714807
1.71371140100849e-15 5452.36856811185
1.71371140100849e-15 5446.27396981906
1.71371140100849e-15 5448.78905820165
1.71371140100849e-15 5448.38799429531
1.71371140100849e-15 5451.36737997545
1.71371140100849e-15 5456.33772638086
1.71371140100849e-15 5454.8578951543
1.71371140100849e-15 5458.47921118632
1.71371140100849e-15 5446.85717932826
1.71371140100849e-15 5444.22513976037
1.71371140100849e-15 5448.75198271778
1.71371140100849e-15 5450.23831846616
1.71371140100849e-15 5456.02007298311
1.71371140100849e-15 5451.54844428062
1.71371140100849e-15 5450.1129695735
1.71371140100849e-15 5450.41475417998
1.71371140100849e-15 5454.55220744846
1.71371140100849e-15 5457.66670586616
1.71371140100849e-15 5458.50785994718
1.71371140100849e-15 5452.59808429879
1.71371140100849e-15 5448.06664790237
1.71371140100849e-15 5447.57673387824
1.71371140100849e-15 5446.66068779768
1.71371140100849e-15 5448.51563734244
1.71371140100849e-15 5452.36977840989
1.71371140100849e-15 5458.46154352822
1.71371140100849e-15 5456.01121488916
1.71371140100849e-15 5452.66940669665
1.71371140100849e-15 5449.46063934763
1.71371140100849e-15 5448.45518730255
1.71371140100849e-15 5447.35804924617
1.71371140100849e-15 5450.91585962325
1.71371140100849e-15 5456.97031746714
1.71371140100849e-15 5451.36280472243
1.71371140100849e-15 5451.74988488362
1.71371140100849e-15 5450.41233025957
1.71371140100849e-15 5453.63138238559
1.71371140100849e-15 5455.4393664058
1.71371140100849e-15 5452.50228552211
1.71371140100849e-15 5450.63496361134
1.71371140100849e-15 5448.08923007298
1.71371140100849e-15 5456.38145095633
1.71371140100849e-15 5456.15719196015
1.71371140100849e-15 5454.86049462945
1.71371140100849e-15 5448.93798427195
1.71371140100849e-15 5447.46942782006
1.71371140100849e-15 5448.64163359971
1.71371140100849e-15 5453.05313472096
1.71371140100849e-15 5451.49126962191
1.71371140100849e-15 5447.57343437414
1.71371140100849e-15 5455.69598152354
1.71371140100849e-15 5458.34466844549
1.71371140100849e-15 5451.29413549405
1.71371140100849e-15 5454.94950344461
1.71371140100849e-15 5458.23181391344
1.71371140100849e-15 5452.64324613133
1.71371140100849e-15 5450.94493381767
1.71371140100849e-15 5448.73613633695
1.71371140100849e-15 5450.22331714202
1.71371140100849e-15 5450.22764034549
1.71371140100849e-15 5451.81914097646
1.71371140100849e-15 5450.93335947202
1.71371140100849e-15 5455.14613984194
1.71371140100849e-15 5457.38732743589
1.71371140100849e-15 5454.78269110165
1.71371140100849e-15 5450.13862281278
1.71371140100849e-15 5446.83238767863
1.71371140100849e-15 5449.7700838112
1.71371140100849e-15 5452.55592187473
1.71371140100849e-15 5449.99690310109
1.71371140100849e-15 5453.95914179174
1.71371140100849e-15 5453.45382804381
1.71371140100849e-15 5448.84735655572
1.71371140100849e-15 5450.62124087774
1.71371140100849e-15 5455.24958092296
1.71371140100849e-15 5452.26707739908
1.71371140100849e-15 5454.18386204456
1.71371140100849e-15 5456.81660963632
1.71371140100849e-15 5452.93659413492
1.71371140100849e-15 5450.95611303568
1.71371140100849e-15 5451.10467278117
1.71371140100849e-15 5449.55496351538
1.71371140100849e-15 5452.80707532331
1.71371140100849e-15 5454.79577370571
1.71371140100849e-15 5453.85795159831
1.71371140100849e-15 5452.78239183392
1.71371140100849e-15 5454.79078247796
1.71371140100849e-15 5454.88310729405
1.71371140100849e-15 5453.67999985703
1.71371140100849e-15 5456.79292425863
1.71371140100849e-15 5450.24989968083
1.71371140100849e-15 5444.71743550028
1.71371140100849e-15 5452.65655882114
1.71371140100849e-15 5452.53897093541
1.71371140100849e-15 5457.79363657694
1.71371140100849e-15 5459.02959480379
1.71371140100849e-15 5451.07822849526
1.71371140100849e-15 5457.64956992449
1.71371140100849e-15 5453.01942242038
1.71371140100849e-15 5454.86992348968
1.71371140100849e-15 5445.66127464447
1.71371140100849e-15 5441.33501567652
1.71371140100849e-15 5446.3389981833
1.71371140100849e-15 5452.49723169449
1.71371140100849e-15 5455.84173928048
1.71371140100849e-15 5456.82359944834
1.71371140100849e-15 5454.13410275999
1.71371140100849e-15 5458.50978829957
1.71371140100849e-15 5450.20173521753
1.71371140100849e-15 5448.90349190988
1.71371140100849e-15 5456.4128079711
1.71371140100849e-15 5454.21749327948
1.71371140100849e-15 5453.54331825881
1.71371140100849e-15 5456.87513892627
1.71371140100849e-15 5450.68968705473
1.71371140100849e-15 5444.13869596608
1.71371140100849e-15 5453.98094197189
1.71371140100849e-15 5456.96940411547
1.71371140100849e-15 5450.28554962478
1.71371140100849e-15 5447.66827638931
1.71371140100849e-15 5450.73026348479
1.71371140100849e-15 5454.57519472746
1.71371140100849e-15 5454.28278988744
1.71371140100849e-15 5452.40767646202
1.71371140100849e-15 5449.0365523787
1.71371140100849e-15 5450.73298540221
1.71371140100849e-15 5449.81871930691
1.71371140100849e-15 5451.44651343061
1.71371140100849e-15 5456.75258213742
1.71371140100849e-15 5458.89463959086
1.71371140100849e-15 5454.4031623625
1.71371140100849e-15 5451.63691103183
1.71371140100849e-15 5450.21761769816
1.71371140100849e-15 5447.03185123895
1.71371140100849e-15 5446.24419575911
1.71371140100849e-15 5453.19290237409
1.71371140100849e-15 5454.71880819284
1.71371140100849e-15 5450.54861335654
1.71371140100849e-15 5455.69903481306
1.71371140100849e-15 5458.49336159539
1.71371140100849e-15 5449.08463025944
1.71371140100849e-15 5445.94446848124
1.71371140100849e-15 5454.30124116929
1.71371140100849e-15 5450.71354650976
1.71371140100849e-15 5454.97751879605
1.71371140100849e-15 5456.41585076551
1.71371140100849e-15 5459.1100829018
1.71371140100849e-15 5454.87404949238
1.71371140100849e-15 5450.86512115421
1.71371140100849e-15 5453.27954233669
1.71371140100849e-15 5450.21497484982
1.71371140100849e-15 5448.05336677243
1.71371140100849e-15 5452.05937081844
1.71371140100849e-15 5450.30894412651
1.71371140100849e-15 5449.58933019926
1.71371140100849e-15 5454.44604148243
1.71371140100849e-15 5452.26219280984
1.71371140100849e-15 5454.68120953606
1.71371140100849e-15 5452.76265690749
1.71371140100849e-15 5448.28526494357
1.71371140100849e-15 5450.93397837994
1.71371140100849e-15 5455.64637868753
1.71371140100849e-15 5455.40682780326
1.71371140100849e-15 5447.54452363963
1.71371140100849e-15 5447.30791397172
1.71371140100849e-15 5450.2476384595
1.71371140100849e-15 5448.72650978537
1.71371140100849e-15 5452.66263846721
1.71371140100849e-15 5457.74167016349
1.71371140100849e-15 5456.00778216979
1.71371140100849e-15 5457.17012295869
1.71371140100849e-15 5454.40107619195
1.71371140100849e-15 5450.54609548354
1.71371140100849e-15 5454.8404179974
1.71371140100849e-15 5458.41551410659
1.71371140100849e-15 5455.85416575497
1.71371140100849e-15 5448.69469871224
1.71371140100849e-15 5449.94700744695
1.71371140100849e-15 5448.84296386375
1.71371140100849e-15 5451.95197081097
1.71371140100849e-15 5453.88762718177
1.71371140100849e-15 5459.89389325956
1.71371140100849e-15 5461.14982613063
1.71371140100849e-15 5455.05457468965
1.71371140100849e-15 5449.63820360042
1.71371140100849e-15 5444.84553112596
1.71371140100849e-15 5444.60147744294
1.71371140100849e-15 5449.69860552246
1.71371140100849e-15 5458.46494312912
1.71371140100849e-15 5458.2330315225
1.71371140100849e-15 5452.36193607141
1.71371140100849e-15 5449.13374864166
1.71371140100849e-15 5449.28858792635
1.71371140100849e-15 5452.74009155212
1.71371140100849e-15 5454.09201684156
1.71371140100849e-15 5453.41672262815
1.71371140100849e-15 5463.60262450085
1.71371140100849e-15 5458.12613964646
1.71371140100849e-15 5451.72905913364
1.71371140100849e-15 5448.45954790411
1.71371140100849e-15 5451.34300658389
1.71371140100849e-15 5452.74007362596
1.71371140100849e-15 5450.81238128623
1.71371140100849e-15 5450.69856109465
1.71371140100849e-15 5453.78676514615
1.71371140100849e-15 5457.59588748742
1.71371140100849e-15 5456.80447870277
1.71371140100849e-15 5453.83821836052
1.71371140100849e-15 5455.41123052685
1.71371140100849e-15 5456.30096228344
1.71371140100849e-15 5448.36507617402
1.71371140100849e-15 5452.00531074649
1.71371140100849e-15 5451.62628485902
1.71371140100849e-15 5449.21746009006
1.71371140100849e-15 5449.64469291663
1.71371140100849e-15 5453.73051995299
1.71371140100849e-15 5453.64184309767
1.71371140100849e-15 5451.54896125677
1.71371140100849e-15 5453.12416194004
1.71371140100849e-15 5455.04432216378
1.71371140100849e-15 5450.03272917248
1.71371140100849e-15 5447.45198286817
1.71371140100849e-15 5452.76654374793
1.71371140100849e-15 5451.6348820034
1.71371140100849e-15 5456.6275277008
1.71371140100849e-15 5458.11804644151
1.71371140100849e-15 5452.60104140239
1.71371140100849e-15 5456.27532951209
1.71371140100849e-15 5451.82598405521
1.71371140100849e-15 5448.78410248033
1.71371140100849e-15 5455.98502434482
1.71371140100849e-15 5449.85271524087
1.71371140100849e-15 5448.18940564121
1.71371140100849e-15 5453.09651204815
1.71371140100849e-15 5454.60619997049
1.71371140100849e-15 5455.91719509831
1.71371140100849e-15 5458.26177966433
1.71371140100849e-15 5454.14545050732
1.71371140100849e-15 5450.68241169806
1.71371140100849e-15 5448.29511513947
1.71371140100849e-15 5452.72238841915
1.71371140100849e-15 5450.37360045858
1.71371140100849e-15 5451.23406434988
1.71371140100849e-15 5451.05847039875
1.71371140100849e-15 5456.77547380863
1.71371140100849e-15 5454.13385073205
1.71371140100849e-15 5450.27987423522
1.71371140100849e-15 5453.10856789367
1.71371140100849e-15 5453.52044108842
1.71371140100849e-15 5462.17741239285
1.71371140100849e-15 5453.69622004612
1.71371140100849e-15 5447.55674737048
1.71371140100849e-15 5452.12054811281
1.71371140100849e-15 5457.73395973149
1.71371140100849e-15 5455.68042486899
1.71371140100849e-15 5450.48244383746
1.71371140100849e-15 5449.07732257411
1.71371140100849e-15 5450.27543363921
1.71371140100849e-15 5448.04636740763
1.71371140100849e-15 5453.29359752606
1.71371140100849e-15 5454.579621183
1.71371140100849e-15 5457.79682998918
1.71371140100849e-15 5454.224989473
1.71371140100849e-15 5454.32825057671
1.71371140100849e-15 5451.78727128259
1.71371140100849e-15 5452.74774227037
1.71371140100849e-15 5452.15280953075
1.71371140100849e-15 5449.98535118676
1.71371140100849e-15 5450.45105477284
1.71371140100849e-15 5450.84742775001
1.71371140100849e-15 5452.4442145633
1.71371140100849e-15 5457.43178274969
1.71371140100849e-15 5453.30315469146
1.71371140100849e-15 5452.2070835699
1.71371140100849e-15 5451.23255460298
1.71371140100849e-15 5451.03724643863
1.71371140100849e-15 5453.11119319572
1.71371140100849e-15 5454.6474896527
1.71371140100849e-15 5456.40940893763
1.71371140100849e-15 5448.72208391443
1.71371140100849e-15 5452.869056216
1.71371140100849e-15 5456.31036171626
1.71371140100849e-15 5457.10195042571
1.71371140100849e-15 5453.23281895366
1.71371140100849e-15 5450.354671293
1.71371140100849e-15 5449.76749555713
1.71371140100849e-15 5448.21170253525
1.71371140100849e-15 5454.3562804518
1.71371140100849e-15 5454.63715805163
1.71371140100849e-15 5448.51357176671
1.71371140100849e-15 5451.22667282212
1.71371140100849e-15 5456.59977992601
1.71371140100849e-15 5459.76587394717
1.71371140100849e-15 5451.81589793818
1.71371140100849e-15 5450.37000143378
1.71371140100849e-15 5451.2710091562
1.71371140100849e-15 5457.42294194182
1.71371140100849e-15 5452.51306885653
1.71371140100849e-15 5454.37133607338
1.71371140100849e-15 5452.78194197445
1.71371140100849e-15 5452.49214911074
1.71371140100849e-15 5455.13208138539
1.71371140100849e-15 5454.9275150972
1.71371140100849e-15 5454.23061067802
1.71371140100849e-15 5449.03670326117
1.71371140100849e-15 5448.07515873584
1.71371140100849e-15 5449.36959885708
1.71371140100849e-15 5454.61273704982
1.71371140100849e-15 5456.99332088462
1.71371140100849e-15 5456.0312292834
1.71371140100849e-15 5451.53001365143
1.71371140100849e-15 5456.74287916769
1.71371140100849e-15 5453.83423465326
1.71371140100849e-15 5447.33987773037
1.71371140100849e-15 5447.26530108543
1.71371140100849e-15 5455.39179522962
1.71371140100849e-15 5453.83210835982
1.71371140100849e-15 5457.59221302445
1.71371140100849e-15 5455.86439675701
1.71371140100849e-15 5452.46563156399
1.71371140100849e-15 5446.84803625123
1.71371140100849e-15 5449.00951672945
1.71371140100849e-15 5451.79348064575
1.71371140100849e-15 5449.15014650927
1.71371140100849e-15 5453.51257816035
1.71371140100849e-15 5454.86326644386
1.71371140100849e-15 5453.65295490403
1.71371140100849e-15 5454.6540697516
1.71371140100849e-15 5456.99510402417
1.71371140100849e-15 5454.19161421175
1.71371140100849e-15 5453.04206909778
1.71371140100849e-15 5451.61895574018
1.71371140100849e-15 5451.21085150022
1.71371140100849e-15 5451.4113129282
1.71371140100849e-15 5451.1434121496
1.71371140100849e-15 5454.65778416053
1.71371140100849e-15 5452.06875084115
1.71371140100849e-15 5452.43826424131
1.71371140100849e-15 5458.32941035726
1.71371140100849e-15 5459.1597875605
1.71371140100849e-15 5449.85660376494
1.71371140100849e-15 5451.82470221893
1.71371140100849e-15 5446.89327396626
1.71371140100849e-15 5447.50389828942
1.71371140100849e-15 5448.45789473782
1.71371140100849e-15 5452.0057273039
1.71371140100849e-15 5449.28505322541
1.71371140100849e-15 5455.52789848151
1.71371140100849e-15 5459.08935788596
1.71371140100849e-15 5453.3505838799
1.71371140100849e-15 5450.52104719087
1.71371140100849e-15 5456.08287210336
1.71371140100849e-15 5452.99555113617
1.71371140100849e-15 5450.63727011379
1.71371140100849e-15 5446.93108838045
1.71371140100849e-15 5445.84059185545
1.71371140100849e-15 5451.88476019439
1.71371140100849e-15 5455.07522571148
1.71371140100849e-15 5455.30854025298
1.71371140100849e-15 5457.92003014715
1.71371140100849e-15 5462.39432530729
1.71371140100849e-15 5447.90219244545
1.71371140100849e-15 5446.59475924038
1.71371140100849e-15 5450.40322011853
1.71371140100849e-15 5455.92530082253
1.71371140100849e-15 5453.77905833009
1.71371140100849e-15 5456.59080231016
1.71371140100849e-15 5460.85000232162
1.71371140100849e-15 5453.75591568085
1.71371140100849e-15 5449.03660434817
1.71371140100849e-15 5447.84601260391
1.71371140100849e-15 5447.25941990798
1.71371140100849e-15 5450.73431418237
1.71371140100849e-15 5449.611020171
1.71371140100849e-15 5450.11151391948
1.71371140100849e-15 5456.13304048144
1.71371140100849e-15 5455.46341556189
1.71371140100849e-15 5453.3572264013
1.71371140100849e-15 5453.89674882794
1.71371140100849e-15 5457.3503671593
1.71371140100849e-15 5453.37633696155
1.71371140100849e-15 5451.36232271875
1.71371140100849e-15 5456.22749582489
1.71371140100849e-15 5447.83511041128
1.71371140100849e-15 5449.65706067364
1.71371140100849e-15 5458.14561409121
1.71371140100849e-15 5453.93667101161
1.71371140100849e-15 5457.36538176943
1.71371140100849e-15 5456.69207826619
1.71371140100849e-15 5452.43974209305
1.71371140100849e-15 5454.58224502161
1.71371140100849e-15 5451.66676235316
1.71371140100849e-15 5448.38694457901
1.71371140100849e-15 5450.95708767948
1.71371140100849e-15 5457.73391908941
1.71371140100849e-15 5461.24475108185
1.71371140100849e-15 5457.94133529015
1.71371140100849e-15 5453.74835837426
1.71371140100849e-15 5448.7826149638
1.71371140100849e-15 5447.44490645228
1.71371140100849e-15 5446.83460407314
1.71371140100849e-15 5444.57269682109
1.71371140100849e-15 5452.33414511916
1.71371140100849e-15 5457.14473555719
1.71371140100849e-15 5460.79438775267
1.71371140100849e-15 5453.05723559627
1.71371140100849e-15 5447.77747255348
1.71371140100849e-15 5450.82341834809
1.71371140100849e-15 5451.43295283768
1.71371140100849e-15 5449.84599214716
1.71371140100849e-15 5451.40860285293
1.71371140100849e-15 5454.93107465419
1.71371140100849e-15 5454.86013754326
1.71371140100849e-15 5454.42131487286
1.71371140100849e-15 5455.30219786185
1.71371140100849e-15 5448.38079403516
1.71371140100849e-15 5450.02727952023
1.71371140100849e-15 5451.49123527738
1.71371140100849e-15 5453.99181017182
1.71371140100849e-15 5453.51627057417
1.71371140100849e-15 5455.74786757443
1.71371140100849e-15 5452.36951089823
1.71371140100849e-15 5452.13927855518
1.71371140100849e-15 5456.11346952296
1.71371140100849e-15 5455.39775504968
1.71371140100849e-15 5453.0906184735
1.71371140100849e-15 5448.0291545822
1.71371140100849e-15 5448.31324727268
1.71371140100849e-15 5456.82862967761
1.71371140100849e-15 5456.45709693341
1.71371140100849e-15 5458.13277876085
1.71371140100849e-15 5454.87861488116
1.71371140100849e-15 5453.11450891328
1.71371140100849e-15 5449.89036321124
1.71371140100849e-15 5450.78627139114
1.71371140100849e-15 5453.0166796476
1.71371140100849e-15 5454.34536282669
1.71371140100849e-15 5453.02911142369
1.71371140100849e-15 5453.77876515685
1.71371140100849e-15 5457.53797980476
1.71371140100849e-15 5454.63804435564
1.71371140100849e-15 5450.30351959576
1.71371140100849e-15 5451.36642304727
1.71371140100849e-15 5450.52855809409
1.71371140100849e-15 5452.87744771985
1.71371140100849e-15 5461.47210106186
1.71371140100849e-15 5458.68388844834
1.71371140100849e-15 5457.7029026581
1.71371140100849e-15 5453.88689400834
1.71371140100849e-15 5445.26969653993
1.71371140100849e-15 5453.21812052355
1.71371140100849e-15 5453.01429180109
1.71371140100849e-15 5453.59071439022
1.71371140100849e-15 5452.48767366824
1.71371140100849e-15 5453.73392851602
1.71371140100849e-15 5451.34509848846
1.71371140100849e-15 5455.11932775706
1.71371140100849e-15 5455.78009230079
1.71371140100849e-15 5453.87457526442
1.71371140100849e-15 5453.99813243485
1.71371140100849e-15 5454.03580551356
1.71371140100849e-15 5455.70091387745
1.71371140100849e-15 5453.24104295818
1.71371140100849e-15 5453.35337651067
1.71371140100849e-15 5454.65937776154
1.71371140100849e-15 5453.00925630748
1.71371140100849e-15 5454.23015895334
1.71371140100849e-15 5450.18831240238
1.71371140100849e-15 5448.67535253161
1.71371140100849e-15 5451.69590972894
1.71371140100849e-15 5451.09787838314
1.71371140100849e-15 5454.15244298078
1.71371140100849e-15 5458.13471338891
1.71371140100849e-15 5457.64061940111
1.71371140100849e-15 5458.04400926518
1.71371140100849e-15 5459.5584365055
1.71371140100849e-15 5459.23458528668
1.71371140100849e-15 5451.60487079427
1.71371140100849e-15 5454.20112234856
1.71371140100849e-15 5452.21546883498
1.71371140100849e-15 5454.88893941234
1.71371140100849e-15 5451.37105274848
1.71371140100849e-15 5452.43802803435
1.71371140100849e-15 5450.28961711148
1.71371140100849e-15 5451.46536031649
1.71371140100849e-15 5456.14525497417
1.71371140100849e-15 5459.40588184282
1.71371140100849e-15 5453.98191111884
1.71371140100849e-15 5455.35442253787
1.71371140100849e-15 5453.7020982281
1.71371140100849e-15 5447.95374584821
1.71371140100849e-15 5450.82891716148
1.71371140100849e-15 5454.09082893329
1.71371140100849e-15 5454.25562714592
1.71371140100849e-15 5454.42873043927
1.71371140100849e-15 5449.72455283852
1.71371140100849e-15 5453.71613130746
1.71371140100849e-15 5456.94833988469
1.71371140100849e-15 5463.32079624293
1.71371140100849e-15 5455.34860889219
1.71371140100849e-15 5454.78831781617
1.71371140100849e-15 5449.57217025051
1.71371140100849e-15 5448.00754785711
1.71371140100849e-15 5456.4390205496
1.71371140100849e-15 5455.01957421712
1.71371140100849e-15 5451.28154929369
1.71371140100849e-15 5454.81931751323
1.71371140100849e-15 5457.22189834762
1.71371140100849e-15 5456.37501108793
1.71371140100849e-15 5452.85712804061
1.71371140100849e-15 5448.4394763382
1.71371140100849e-15 5448.22930829186
1.71371140100849e-15 5450.73682423674
1.71371140100849e-15 5456.57994856941
1.71371140100849e-15 5456.94494244144
1.71371140100849e-15 5457.91115617609
1.71371140100849e-15 5459.47007075137
1.71371140100849e-15 5457.93259025209
1.71371140100849e-15 5447.72472552498
1.71371140100849e-15 5443.12214218747
1.71371140100849e-15 5449.50961149909
1.71371140100849e-15 5453.17560046776
1.71371140100849e-15 5449.35352861938
1.71371140100849e-15 5453.91216515469
1.71371140100849e-15 5458.70934514226
1.71371140100849e-15 5458.10664425538
1.71371140100849e-15 5459.51293378393
1.71371140100849e-15 5455.49947486914
1.71371140100849e-15 5452.79367332595
1.71371140100849e-15 5454.99569674913
1.71371140100849e-15 5456.1999420886
1.71371140100849e-15 5450.98571596288
1.71371140100849e-15 5452.82368697116
1.71371140100849e-15 5448.25241185763
1.71371140100849e-15 5453.20360525132
1.71371140100849e-15 5456.35999032611
1.71371140100849e-15 5452.52217054007
1.71371140100849e-15 5453.90278689422
1.71371140100849e-15 5458.75622813964
1.71371140100849e-15 5457.97414105403
1.71371140100849e-15 5457.06685661488
1.71371140100849e-15 5449.6951276509
1.71371140100849e-15 5443.97456023701
1.71371140100849e-15 5442.56394091267
1.71371140100849e-15 5453.71899849167
1.71371140100849e-15 5453.1982724764
1.71371140100849e-15 5456.63603780373
1.71371140100849e-15 5463.77731493407
1.71371140100849e-15 5462.5999511847
1.71371140100849e-15 5450.15152244539
1.71371140100849e-15 5450.05448646765
1.71371140100849e-15 5446.38456079778
1.71371140100849e-15 5450.70143559155
1.71371140100849e-15 5453.16932965286
1.71371140100849e-15 5453.37823260534
1.71371140100849e-15 5455.16401816284
1.71371140100849e-15 5453.2160691366
1.71371140100849e-15 5456.26049936325
1.71371140100849e-15 5452.81828072561
1.71371140100849e-15 5454.54893053427
1.71371140100849e-15 5453.78398394688
1.71371140100849e-15 5455.5845862726
1.71371140100849e-15 5452.40309357448
1.71371140100849e-15 5451.58759143973
1.71371140100849e-15 5448.54926751224
1.71371140100849e-15 5451.81294878754
1.71371140100849e-15 5452.06400874167
1.71371140100849e-15 5448.38478224423
1.71371140100849e-15 5452.82465547183
1.71371140100849e-15 5459.6835339335
1.71371140100849e-15 5456.78842382944
1.71371140100849e-15 5453.09488561168
1.71371140100849e-15 5457.25800792642
1.71371140100849e-15 5455.73662683478
1.71371140100849e-15 5454.60878335283
1.71371140100849e-15 5452.76269441326
1.71371140100849e-15 5453.36483647732
1.71371140100849e-15 5453.8878724415
1.71371140100849e-15 5452.60865193757
1.71371140100849e-15 5453.44158815437
1.71371140100849e-15 5453.86709572502
1.71371140100849e-15 5448.28518631274
1.71371140100849e-15 5455.14332385449
1.71371140100849e-15 5454.96314060045
1.71371140100849e-15 5452.76200504766
1.71371140100849e-15 5451.73426660978
1.71371140100849e-15 5457.58689460555
1.71371140100849e-15 5457.17452706305
1.71371140100849e-15 5450.82376354933
1.71371140100849e-15 5450.36109281331
1.71371140100849e-15 5451.70167316526
1.71371140100849e-15 5455.91100020666
1.71371140100849e-15 5453.89128220866
1.71371140100849e-15 5454.58017592337
1.71371140100849e-15 5449.20294333023
1.71371140100849e-15 5449.06233668477
1.71371140100849e-15 5459.66612711781
1.71371140100849e-15 5455.53290604914
1.71371140100849e-15 5451.7536154538
1.71371140100849e-15 5457.36429482421
1.71371140100849e-15 5456.84653403851
1.71371140100849e-15 5454.10009491792
1.71371140100849e-15 5450.44367312001
1.71371140100849e-15 5453.35712902723
1.71371140100849e-15 5450.06233331778
1.71371140100849e-15 5448.36743752535
1.71371140100849e-15 5449.17200269521
1.71371140100849e-15 5451.46415769689
1.71371140100849e-15 5459.94437875521
1.71371140100849e-15 5455.93831958753
1.71371140100849e-15 5452.18108924051
1.71371140100849e-15 5451.71770062761
1.71371140100849e-15 5458.56589177213
1.71371140100849e-15 5455.06789244134
1.71371140100849e-15 5455.31025156127
1.71371140100849e-15 5456.45130366925
1.71371140100849e-15 5451.96761745903
1.71371140100849e-15 5448.33837057411
1.71371140100849e-15 5450.26909245385
1.71371140100849e-15 5450.28198278785
1.71371140100849e-15 5451.55176934785
1.71371140100849e-15 5451.59634256561
1.71371140100849e-15 5449.14307259936
1.71371140100849e-15 5457.33788303582
1.71371140100849e-15 5461.41613279683
1.71371140100849e-15 5458.00069184865
1.71371140100849e-15 5455.2148539809
1.71371140100849e-15 5453.18303374058
1.71371140100849e-15 5448.70780915822
1.71371140100849e-15 5446.57345521254
1.71371140100849e-15 5451.97708157548
1.71371140100849e-15 5449.10116050137
1.71371140100849e-15 5454.24660524687
1.71371140100849e-15 5456.53160679148
1.71371140100849e-15 5448.55254909817
1.71371140100849e-15 5451.30139944553
1.71371140100849e-15 5455.34106301645
1.71371140100849e-15 5458.70062615975
1.71371140100849e-15 5452.43535618017
1.71371140100849e-15 5456.8497327879
1.71371140100849e-15 5459.31524143252
1.71371140100849e-15 5451.85566487284
1.71371140100849e-15 5447.40414070995
1.71371140100849e-15 5452.47380005624
1.71371140100849e-15 5457.69627370775
1.71371140100849e-15 5460.2327216926
1.71371140100849e-15 5459.05566333672
1.71371140100849e-15 5451.74052611321
1.71371140100849e-15 5447.70079344179
1.71371140100849e-15 5448.81192916052
1.71371140100849e-15 5451.56238628042
1.71371140100849e-15 5456.7427476924
1.71371140100849e-15 5452.98973225737
1.71371140100849e-15 5458.06918831773
1.71371140100849e-15 5453.80403048313
1.71371140100849e-15 5453.43148341005
1.71371140100849e-15 5454.43805337901
1.71371140100849e-15 5454.11568620887
1.71371140100849e-15 5452.89566991284
1.71371140100849e-15 5457.03517649958
1.71371140100849e-15 5456.05691779818
1.71371140100849e-15 5457.70123818474
1.71371140100849e-15 5449.4472639975
1.71371140100849e-15 5451.88547809825
1.71371140100849e-15 5457.12643508949
1.71371140100849e-15 5457.45053848885
1.71371140100849e-15 5453.57199584833
1.71371140100849e-15 5451.08552025492
1.71371140100849e-15 5455.8355652944
1.71371140100849e-15 5454.58860350312
1.71371140100849e-15 5452.97494899854
1.71371140100849e-15 5456.07556391194
1.71371140100849e-15 5449.70904845889
1.71371140100849e-15 5449.45940425575
1.71371140100849e-15 5454.52483077026
1.71371140100849e-15 5455.72515298277
1.71371140100849e-15 5460.87815206953
1.71371140100849e-15 5455.10155841265
1.71371140100849e-15 5448.8184873407
1.71371140100849e-15 5446.70541405319
1.71371140100849e-15 5450.70010760521
1.71371140100849e-15 5459.21383044047
1.71371140100849e-15 5458.87902480437
1.71371140100849e-15 5454.37637793724
1.71371140100849e-15 5457.09333152082
1.71371140100849e-15 5456.572675508
1.71371140100849e-15 5451.37305254008
1.71371140100849e-15 5452.82351067163
1.71371140100849e-15 5452.03553087034
1.71371140100849e-15 5454.06313264725
1.71371140100849e-15 5459.95032052001
1.71371140100849e-15 5455.2384809428
1.71371140100849e-15 5450.51534902026
1.71371140100849e-15 5446.21534980321
1.71371140100849e-15 5450.26373822642
1.71371140100849e-15 5458.08030599479
1.71371140100849e-15 5455.93921540996
1.71371140100849e-15 5457.7308503524
1.71371140100849e-15 5456.57700200793
1.71371140100849e-15 5453.33602384096
1.71371140100849e-15 5447.94848742851
1.71371140100849e-15 5450.5338940966
1.71371140100849e-15 5457.12025114337
1.71371140100849e-15 5453.5056762562
1.71371140100849e-15 5449.12609082544
1.71371140100849e-15 5456.21760000116
1.71371140100849e-15 5451.496963567
1.71371140100849e-15 5452.81729892419
1.71371140100849e-15 5460.86634120678
1.71371140100849e-15 5455.09830634291
1.71371140100849e-15 5451.76381681941
1.71371140100849e-15 5455.13828035264
1.71371140100849e-15 5454.34210200105
1.71371140100849e-15 5452.10756272741
1.71371140100849e-15 5455.96442092516
1.71371140100849e-15 5452.41614869023
1.71371140100849e-15 5454.64687573026
1.71371140100849e-15 5453.93250954696
1.71371140100849e-15 5453.83879941994
1.71371140100849e-15 5456.29389506616
1.71371140100849e-15 5459.56305251323
1.71371140100849e-15 5462.73402669199
1.71371140100849e-15 5452.3461201584
1.71371140100849e-15 5454.83125434073
1.71371140100849e-15 5450.54851998235
1.71371140100849e-15 5450.43454379384
1.71371140100849e-15 5451.98526643596
1.71371140100849e-15 5457.44214091285
1.71371140100849e-15 5455.13816342697
1.71371140100849e-15 5455.41358316819
1.71371140100849e-15 5451.52229945899
1.71371140100849e-15 5450.25611187189
1.71371140100849e-15 5450.95430344186
1.71371140100849e-15 5453.21761236155
1.71371140100849e-15 5456.92969945041
1.71371140100849e-15 5456.80195587335
1.71371140100849e-15 5455.82091646325
1.71371140100849e-15 5453.05746332623
1.71371140100849e-15 5446.05897171555
1.71371140100849e-15 5444.79210304456
1.71371140100849e-15 5451.96796097869
1.71371140100849e-15 5461.12823460708
1.71371140100849e-15 5460.22441196656
1.71371140100849e-15 5454.76050766573
1.71371140100849e-15 5456.07935817893
1.71371140100849e-15 5454.45493535088
1.71371140100849e-15 5449.73662243565
1.71371140100849e-15 5452.05237897371
1.71371140100849e-15 5448.88211178293
1.71371140100849e-15 5452.15866974361
1.71371140100849e-15 5455.07301719222
1.71371140100849e-15 5457.99330438315
1.71371140100849e-15 5454.52023950288
1.71371140100849e-15 5454.70143481705
1.71371140100849e-15 5454.49614190232
1.71371140100849e-15 5450.97233018068
1.71371140100849e-15 5450.59002877513
1.71371140100849e-15 5451.24256211951
1.71371140100849e-15 5455.68808202796
1.71371140100849e-15 5458.99065056801
1.71371140100849e-15 5460.15706631318
1.71371140100849e-15 5451.93457102193
1.71371140100849e-15 5453.44300334459
1.71371140100849e-15 5458.75760586745
1.71371140100849e-15 5451.68660257673
1.71371140100849e-15 5455.10231157429
1.71371140100849e-15 5454.61015894324
1.71371140100849e-15 5453.59854468531
1.71371140100849e-15 5453.7113077289
1.71371140100849e-15 5456.73483737678
1.71371140100849e-15 5458.15711503966
1.71371140100849e-15 5453.87623892075
1.71371140100849e-15 5447.6688951459
1.71371140100849e-15 5450.21571274196
1.71371140100849e-15 5453.98526767776
1.71371140100849e-15 5455.66800424797
1.71371140100849e-15 5455.80254531241
1.71371140100849e-15 5455.40849691786
1.71371140100849e-15 5451.76720546875
1.71371140100849e-15 5452.5811682695
1.71371140100849e-15 5458.19366895699
1.71371140100849e-15 5456.49951963996
1.71371140100849e-15 5450.24009049689
1.71371140100849e-15 5455.3271318217
1.71371140100849e-15 5456.6950205473
1.71371140100849e-15 5455.60288658085
1.71371140100849e-15 5451.2692038033
1.71371140100849e-15 5452.17591374392
1.71371140100849e-15 5454.30356242245
1.71371140100849e-15 5451.19506022747
1.71371140100849e-15 5445.28121436231
1.71371140100849e-15 5454.68707647327
1.71371140100849e-15 5456.80473872426
1.71371140100849e-15 5455.89818371061
1.71371140100849e-15 5451.26939897489
1.71371140100849e-15 5455.40753812187
1.71371140100849e-15 5451.55782800012
1.71371140100849e-15 5451.60469085619
1.71371140100849e-15 5450.90586987801
1.71371140100849e-15 5449.75536562593
1.71371140100849e-15 5452.42347010531
1.71371140100849e-15 5452.05877196789
1.71371140100849e-15 5453.02501415949
1.71371140100849e-15 5458.32487807572
1.71371140100849e-15 5461.78540285428
1.71371140100849e-15 5456.1297776918
1.71371140100849e-15 5462.21599741568
1.71371140100849e-15 5453.55416736782
1.71371140100849e-15 5458.08310234376
1.71371140100849e-15 5454.59090550239
1.71371140100849e-15 5449.91754351148
1.71371140100849e-15 5448.90779423645
1.71371140100849e-15 5455.62202509918
1.71371140100849e-15 5454.87391107544
1.71371140100849e-15 5450.71528444281
1.71371140100849e-15 5453.46503125887
1.71371140100849e-15 5455.70986527178
1.71371140100849e-15 5454.70453423288
1.71371140100849e-15 5451.04456884532
1.71371140100849e-15 5449.54053658064
1.71371140100849e-15 5455.2756273727
1.71371140100849e-15 5451.95391238927
1.71371140100849e-15 5450.25894656288
1.71371140100849e-15 5452.21750555801
1.71371140100849e-15 5453.79061068012
1.71371140100849e-15 5452.7020675533
1.71371140100849e-15 5455.86738675249
1.71371140100849e-15 5451.38363782596
1.71371140100849e-15 5451.27022129816
1.71371140100849e-15 5451.50486910281
1.71371140100849e-15 5452.87058301078
1.71371140100849e-15 5458.85106871037
1.71371140100849e-15 5455.28070635609
1.71371140100849e-15 5450.64329592092
1.71371140100849e-15 5453.09114614333
1.71371140100849e-15 5453.25702703905
1.71371140100849e-15 5453.66864124189
1.71371140100849e-15 5454.04280216849
1.71371140100849e-15 5456.91966555851
1.71371140100849e-15 5452.48089999966
1.71371140100849e-15 5455.06190754626
1.71371140100849e-15 5458.16433718403
1.71371140100849e-15 5450.80810891909
1.71371140100849e-15 5456.93332700169
1.71371140100849e-15 5454.97402564278
1.71371140100849e-15 5451.83039558293
1.71371140100849e-15 5460.93244226933
1.71371140100849e-15 5453.2831273387
1.71371140100849e-15 5448.75117137588
1.71371140100849e-15 5452.61833007692
1.71371140100849e-15 5446.87278701378
1.71371140100849e-15 5452.28128606691
1.71371140100849e-15 5457.43858956613
1.71371140100849e-15 5457.79627880283
1.71371140100849e-15 5455.48127026098
1.71371140100849e-15 5455.36326062899
1.71371140100849e-15 5454.22966762769
1.71371140100849e-15 5446.08636314761
1.71371140100849e-15 5451.07288161773
1.71371140100849e-15 5457.08476164687
1.71371140100849e-15 5458.177488573
1.71371140100849e-15 5456.08030213737
1.71371140100849e-15 5456.89993511194
1.71371140100849e-15 5460.3147379979
1.71371140100849e-15 5453.50724512914
1.71371140100849e-15 5452.60607233083
1.71371140100849e-15 5454.90283836886
1.71371140100849e-15 5456.84475203908
1.71371140100849e-15 5453.48959983632
1.71371140100849e-15 5454.59751226139
1.71371140100849e-15 5454.99357928417
1.71371140100849e-15 5455.93145704134
1.71371140100849e-15 5449.03732237541
1.71371140100849e-15 5449.15846236393
1.71371140100849e-15 5460.38499044694
1.71371140100849e-15 5454.04541518514
1.71371140100849e-15 5454.81439426593
1.71371140100849e-15 5457.30108125873
1.71371140100849e-15 5453.19812335087
1.71371140100849e-15 5451.12264979954
1.71371140100849e-15 5450.57439907111
1.71371140100849e-15 5450.35268610112
1.71371140100849e-15 5453.46831186837
1.71371140100849e-15 5454.96037179969
1.71371140100849e-15 5455.64861787813
1.71371140100849e-15 5451.7853296894
1.71371140100849e-15 5451.26721961641
1.71371140100849e-15 5462.22351879152
1.71371140100849e-15 5457.93693124736
1.71371140100849e-15 5458.24193337623
1.71371140100849e-15 5456.41550784693
1.71371140100849e-15 5448.71910283659
1.71371140100849e-15 5451.41773093662
1.71371140100849e-15 5453.27534976051
1.71371140100849e-15 5454.05190405777
1.71371140100849e-15 5456.01907542253
1.71371140100849e-15 5452.08118590026
1.71371140100849e-15 5455.74062121939
1.71371140100849e-15 5453.85424459556
1.71371140100849e-15 5450.897118774
1.71371140100849e-15 5453.66868726373
1.71371140100849e-15 5456.84343040353
1.71371140100849e-15 5457.41700436546
1.71371140100849e-15 5453.83154954402
1.71371140100849e-15 5450.03599239813
1.71371140100849e-15 5450.5427679111
1.71371140100849e-15 5454.71111020924
1.71371140100849e-15 5456.50817965189
1.71371140100849e-15 5459.13149919342
1.71371140100849e-15 5454.75525011643
1.71371140100849e-15 5448.22831931842
1.71371140100849e-15 5448.31784716866
1.71371140100849e-15 5451.16417717274
1.71371140100849e-15 5456.47670433394
1.71371140100849e-15 5459.18449058471
1.71371140100849e-15 5457.68898679203
1.71371140100849e-15 5451.05107920903
1.71371140100849e-15 5451.16811634089
1.71371140100849e-15 5446.46227093253
1.71371140100849e-15 5451.82414268107
1.71371140100849e-15 5458.97145863632
1.71371140100849e-15 5454.28753637643
1.71371140100849e-15 5452.83168123437
1.71371140100849e-15 5458.13963381988
1.71371140100849e-15 5454.17688965442
1.71371140100849e-15 5455.53303810854
1.71371140100849e-15 5454.1456786275
1.71371140100849e-15 5452.94956374799
1.71371140100849e-15 5452.41624023043
1.71371140100849e-15 5452.62184219512
1.71371140100849e-15 5456.96107528393
1.71371140100849e-15 5454.58993795035
1.71371140100849e-15 5452.28877167603
1.71371140100849e-15 5448.3681920255
1.71371140100849e-15 5452.71102331181
1.71371140100849e-15 5458.65039257925
1.71371140100849e-15 5455.84265617067
1.71371140100849e-15 5451.74887259552
1.71371140100849e-15 5449.43390449566
1.71371140100849e-15 5449.86139282927
1.71371140100849e-15 5449.02120605633
1.71371140100849e-15 5452.00207803041
1.71371140100849e-15 5454.07783733546
1.71371140100849e-15 5456.09611325809
1.71371140100849e-15 5454.3873513066
1.71371140100849e-15 5463.05690458403
1.71371140100849e-15 5456.14222599366
1.71371140100849e-15 5454.99884310976
1.71371140100849e-15 5452.13602030143
1.71371140100849e-15 5451.90900202318
1.71371140100849e-15 5452.44620577447
1.71371140100849e-15 5450.99131028225
1.71371140100849e-15 5451.13525062451
1.71371140100849e-15 5454.9781091402
1.71371140100849e-15 5457.97506855218
1.71371140100849e-15 5455.88787458018
1.71371140100849e-15 5458.24292353407
1.71371140100849e-15 5450.63478243233
1.71371140100849e-15 5449.64119684708
1.71371140100849e-15 5450.67807168497
1.71371140100849e-15 5454.55714343376
1.71371140100849e-15 5457.53968078339
1.71371140100849e-15 5458.29216363106
1.71371140100849e-15 5451.73774895369
1.71371140100849e-15 5448.84670726314
1.71371140100849e-15 5452.4217950126
1.71371140100849e-15 5454.95917264823
1.71371140100849e-15 5455.80165528337
1.71371140100849e-15 5453.42164739294
1.71371140100849e-15 5458.16182929108
1.71371140100849e-15 5453.81389504975
1.71371140100849e-15 5446.59191026362
1.71371140100849e-15 5454.08679381413
1.71371140100849e-15 5455.81346437661
1.71371140100849e-15 5461.22143888548
1.71371140100849e-15 5451.51184675587
1.71371140100849e-15 5454.32218176742
1.71371140100849e-15 5453.13467967975
1.71371140100849e-15 5451.12397455717
1.71371140100849e-15 5453.98183776497
1.71371140100849e-15 5461.01296932245
1.71371140100849e-15 5453.66611058988
1.71371140100849e-15 5452.21013778289
1.71371140100849e-15 5452.65462711059
1.71371140100849e-15 5451.08506964651
1.71371140100849e-15 5450.89164142345
1.71371140100849e-15 5453.74648160586
1.71371140100849e-15 5454.48825189901
1.71371140100849e-15 5453.75515635313
1.71371140100849e-15 5459.56304705889
1.71371140100849e-15 5461.35501939059
1.71371140100849e-15 5452.60166107766
1.71371140100849e-15 5448.98872545982
1.71371140100849e-15 5450.33436617201
1.71371140100849e-15 5456.70152257162
1.71371140100849e-15 5457.24049418919
1.71371140100849e-15 5453.37097609892
1.71371140100849e-15 5453.79072671926
1.71371140100849e-15 5450.29472037331
1.71371140100849e-15 5449.16863132321
1.71371140100849e-15 5454.66590157649
1.71371140100849e-15 5455.54090350994
1.71371140100849e-15 5456.72341807982
1.71371140100849e-15 5458.1870873953
1.71371140100849e-15 5454.82595539609
1.71371140100849e-15 5451.07228034413
1.71371140100849e-15 5449.55516277961
1.71371140100849e-15 5449.74536971211
1.71371140100849e-15 5450.23819154787
1.71371140100849e-15 5453.38726177236
1.71371140100849e-15 5455.80403896693
1.71371140100849e-15 5457.72255100661
1.71371140100849e-15 5461.21485299029
1.71371140100849e-15 5456.47938428649
1.71371140100849e-15 5451.55293641146
1.71371140100849e-15 5451.64702564484
1.71371140100849e-15 5452.9437591047
1.71371140100849e-15 5451.41630185275
1.71371140100849e-15 5450.88117147846
1.71371140100849e-15 5454.79546538704
1.71371140100849e-15 5457.08241798121
1.71371140100849e-15 5448.11949710245
1.71371140100849e-15 5456.85606937648
1.71371140100849e-15 5454.02305555465
1.71371140100849e-15 5449.6686615786
1.71371140100849e-15 5450.47780168616
1.71371140100849e-15 5449.20244510624
1.71371140100849e-15 5450.78223821164
1.71371140100849e-15 5451.89615925141
1.71371140100849e-15 5461.77631485461
1.71371140100849e-15 5460.3499716416
1.71371140100849e-15 5452.12642381345
1.71371140100849e-15 5455.83725751251
1.71371140100849e-15 5453.91808371277
1.71371140100849e-15 5452.60087225544
1.71371140100849e-15 5450.07858514129
1.71371140100849e-15 5449.7480804926
1.71371140100849e-15 5455.17000269935
1.71371140100849e-15 5457.61797137517
1.71371140100849e-15 5455.2446026639
1.71371140100849e-15 5455.83508674714
1.71371140100849e-15 5455.30186991299
1.71371140100849e-15 5453.58075399489
1.71371140100849e-15 5459.23498994477
1.71371140100849e-15 5458.96763311334
1.71371140100849e-15 5449.08294720686
1.71371140100849e-15 5441.39649418172
1.71371140100849e-15 5447.83557699609
1.71371140100849e-15 5454.14966736633
1.71371140100849e-15 5458.00213134506
1.71371140100849e-15 5459.92616260631
1.71371140100849e-15 5454.74882787714
1.71371140100849e-15 5459.61948202618
1.71371140100849e-15 5454.13247760421
1.71371140100849e-15 5446.61434174796
1.71371140100849e-15 5450.7532865794
1.71371140100849e-15 5454.8802108887
1.71371140100849e-15 5454.98219034547
1.71371140100849e-15 5451.31981015908
1.71371140100849e-15 5456.54139722731
1.71371140100849e-15 5456.48606064699
1.71371140100849e-15 5452.88436055868
1.71371140100849e-15 5456.88133743283
1.71371140100849e-15 5451.06410545362
1.71371140100849e-15 5454.06492722768
1.71371140100849e-15 5455.26754201793
1.71371140100849e-15 5455.17642031226
1.71371140100849e-15 5453.13179670959
1.71371140100849e-15 5454.70698557009
1.71371140100849e-15 5454.14719888495
1.71371140100849e-15 5454.87784487143
1.71371140100849e-15 5456.20789724838
1.71371140100849e-15 5454.02962819495
1.71371140100849e-15 5454.04810881385
1.71371140100849e-15 5454.23795398133
1.71371140100849e-15 5448.84002129605
1.71371140100849e-15 5450.97200741209
1.71371140100849e-15 5453.22652361341
1.71371140100849e-15 5457.32124870701
1.71371140100849e-15 5454.23497758471
1.71371140100849e-15 5454.94766849184
1.71371140100849e-15 5461.1408472934
1.71371140100849e-15 5460.27505704267
1.71371140100849e-15 5456.51682963816
1.71371140100849e-15 5446.51486850027
1.71371140100849e-15 5451.08665531418
1.71371140100849e-15 5453.72197286534
1.71371140100849e-15 5449.98118290772
1.71371140100849e-15 5451.01921493523
1.71371140100849e-15 5450.32380941688
1.71371140100849e-15 5450.89725401393
1.71371140100849e-15 5458.85587272081
1.71371140100849e-15 5459.11602170419
1.71371140100849e-15 5453.84960519242
1.71371140100849e-15 5456.2959464433
1.71371140100849e-15 5452.57809191215
1.71371140100849e-15 5455.67721280672
1.71371140100849e-15 5453.67996523025
1.71371140100849e-15 5451.0355252953
1.71371140100849e-15 5446.92492590713
1.71371140100849e-15 5451.06385643403
1.71371140100849e-15 5456.94396462792
1.71371140100849e-15 5465.47239235281
1.71371140100849e-15 5457.27062658341
1.71371140100849e-15 5454.43899738791
1.71371140100849e-15 5453.17006634743
1.71371140100849e-15 5453.69646408399
1.71371140100849e-15 5454.33611706153
1.71371140100849e-15 5452.96295025508
1.71371140100849e-15 5452.10234083682
1.71371140100849e-15 5458.79892654352
1.71371140100849e-15 5452.89464378723
1.71371140100849e-15 5452.87665358307
1.71371140100849e-15 5453.96754947128
1.71371140100849e-15 5456.17552324708
1.71371140100849e-15 5454.30899787579
1.71371140100849e-15 5454.58297885499
1.71371140100849e-15 5450.28274185317
1.71371140100849e-15 5452.00659047345
1.71371140100849e-15 5456.1927287974
1.71371140100849e-15 5458.68857720673
1.71371140100849e-15 5456.82496953065
1.71371140100849e-15 5454.28609682756
1.71371140100849e-15 5446.14843127981
1.71371140100849e-15 5452.82505499737
1.71371140100849e-15 5458.89172181141
1.71371140100849e-15 5457.8474293389
1.71371140100849e-15 5454.5963102373
1.71371140100849e-15 5449.14145756914
1.71371140100849e-15 5453.1880342792
1.71371140100849e-15 5458.56540330385
1.71371140100849e-15 5455.22819468833
1.71371140100849e-15 5450.79866036179
1.71371140100849e-15 5449.01088669999
1.71371140100849e-15 5453.93530069944
1.71371140100849e-15 5458.23159044693
1.71371140100849e-15 5460.2526465146
1.71371140100849e-15 5461.24915980721
1.71371140100849e-15 5456.5237547271
1.71371140100849e-15 5454.78101325708
1.71371140100849e-15 5452.7518782008
1.71371140100849e-15 5456.11859100407
1.71371140100849e-15 5454.93181356652
1.71371140100849e-15 5450.52673952249
1.71371140100849e-15 5453.18409290576
1.71371140100849e-15 5454.99254664257
1.71371140100849e-15 5451.63591424954
1.71371140100849e-15 5454.40342397049
1.71371140100849e-15 5454.03333451445
1.71371140100849e-15 5456.67946019046
1.71371140100849e-15 5451.64280544435
1.71371140100849e-15 5456.23731206628
1.71371140100849e-15 5453.61967666042
1.71371140100849e-15 5458.89061504612
1.71371140100849e-15 5457.98090043991
1.71371140100849e-15 5449.83710892994
1.71371140100849e-15 5453.9844545802
1.71371140100849e-15 5454.48624148298
1.71371140100849e-15 5453.85016911316
1.71371140100849e-15 5454.80208318331
1.71371140100849e-15 5452.75834058211
1.71371140100849e-15 5455.53071057397
1.71371140100849e-15 5451.04509250084
1.71371140100849e-15 5454.30944301132
1.71371140100849e-15 5452.27843509699
1.71371140100849e-15 5453.81336568264
1.71371140100849e-15 5455.26071737991
1.71371140100849e-15 5450.54350882477
1.71371140100849e-15 5452.38518164449
1.71371140100849e-15 5456.19917330936
1.71371140100849e-15 5461.06043679311
1.71371140100849e-15 5460.41591500235
1.71371140100849e-15 5455.32119363043
1.71371140100849e-15 5453.94462690501
1.71371140100849e-15 5447.84172590583
1.71371140100849e-15 5451.26019689498
1.71371140100849e-15 5451.94986437644
1.71371140100849e-15 5453.64956847461
1.71371140100849e-15 5459.90877052512
1.71371140100849e-15 5456.77708796754
1.71371140100849e-15 5457.94832909284
1.71371140100849e-15 5451.83703237352
1.71371140100849e-15 5452.64979347025
1.71371140100849e-15 5452.57289652226
1.71371140100849e-15 5451.59217198048
1.71371140100849e-15 5454.37186841116
1.71371140100849e-15 5454.90826489614
1.71371140100849e-15 5459.9866410165
1.71371140100849e-15 5460.77426917295
1.71371140100849e-15 5461.8042445662
1.71371140100849e-15 5454.64114527236
1.71371140100849e-15 5453.27704112991
1.71371140100849e-15 5450.37235739307
1.71371140100849e-15 5447.87238226815
1.71371140100849e-15 5451.09588071905
1.71371140100849e-15 5451.80781453387
1.71371140100849e-15 5455.92178919383
1.71371140100849e-15 5458.50893718356
1.71371140100849e-15 5460.93058093451
1.71371140100849e-15 5459.94473288678
1.71371140100849e-15 5457.02316515798
1.71371140100849e-15 5454.20719953196
1.71371140100849e-15 5451.02533085287
1.71371140100849e-15 5455.73139794013
1.71371140100849e-15 5463.50613034205
1.71371140100849e-15 5455.40236670936
1.71371140100849e-15 5452.3132092242
1.71371140100849e-15 5453.46213886654
1.71371140100849e-15 5455.88425533313
1.71371140100849e-15 5458.7872847602
1.71371140100849e-15 5456.49769568743
1.71371140100849e-15 5457.09698199155
1.71371140100849e-15 5454.81477326278
1.71371140100849e-15 5452.56826322453
1.71371140100849e-15 5452.96835032174
1.71371140100849e-15 5452.90469006738
1.71371140100849e-15 5456.04067175374
1.71371140100849e-15 5450.62435596249
1.71371140100849e-15 5452.25800114115
1.71371140100849e-15 5453.99419891608
1.71371140100849e-15 5453.2969762544
1.71371140100849e-15 5459.46196031947
1.71371140100849e-15 5463.15059446461
1.71371140100849e-15 5461.41702969634
1.71371140100849e-15 5456.80419101167
1.71371140100849e-15 5456.71492453414
1.71371140100849e-15 5455.41273785343
1.71371140100849e-15 5450.30021075246
1.71371140100849e-15 5451.48909706331
1.71371140100849e-15 5455.71308041926
1.71371140100849e-15 5455.27353819901
1.71371140100849e-15 5457.48369556315
1.71371140100849e-15 5452.87446434789
1.71371140100849e-15 5450.59523119943
1.71371140100849e-15 5456.49756916594
1.71371140100849e-15 5453.89347243939
1.71371140100849e-15 5455.96434751865
1.71371140100849e-15 5460.36321287902
1.71371140100849e-15 5460.89832139085
1.71371140100849e-15 5456.80755745844
1.71371140100849e-15 5455.62392244583
1.71371140100849e-15 5454.86400218648
1.71371140100849e-15 5452.53712968513
1.71371140100849e-15 5452.08020872599
1.71371140100849e-15 5454.60604841378
1.71371140100849e-15 5453.52845286555
1.71371140100849e-15 5454.1317369577
1.71371140100849e-15 5458.1232624319
1.71371140100849e-15 5452.86259971687
1.71371140100849e-15 5449.92089017276
1.71371140100849e-15 5455.10212102276
1.71371140100849e-15 5457.83090044165
1.71371140100849e-15 5457.17204069724
1.71371140100849e-15 5454.91683944932
1.71371140100849e-15 5453.07101001227
1.71371140100849e-15 5456.29706214186
1.71371140100849e-15 5454.16974837117
1.71371140100849e-15 5456.52305573194
1.71371140100849e-15 5454.81224063892
1.71371140100849e-15 5454.58194527744
1.71371140100849e-15 5455.38689236217
1.71371140100849e-15 5456.73267910732
1.71371140100849e-15 5458.44632393718
1.71371140100849e-15 5456.65523247875
1.71371140100849e-15 5458.36648591369
1.71371140100849e-15 5453.94270904035
1.71371140100849e-15 5449.05788067772
1.71371140100849e-15 5455.42692242265
1.71371140100849e-15 5451.58804579545
1.71371140100849e-15 5452.99994043886
1.71371140100849e-15 5450.0425836066
1.71371140100849e-15 5453.9799896994
1.71371140100849e-15 5459.44368998534
1.71371140100849e-15 5460.24965083861
1.71371140100849e-15 5458.17613120636
1.71371140100849e-15 5456.09530642284
1.71371140100849e-15 5452.07491276886
1.71371140100849e-15 5447.46726568262
1.71371140100849e-15 5457.06085365287
1.71371140100849e-15 5455.21913046235
1.71371140100849e-15 5455.01991747045
1.71371140100849e-15 5455.89288426269
1.71371140100849e-15 5462.72261211973
1.71371140100849e-15 5455.87361120487
1.71371140100849e-15 5452.29717200627
1.71371140100849e-15 5450.44481615364
1.71371140100849e-15 5452.19452475596
1.71371140100849e-15 5455.75749392036
1.71371140100849e-15 5459.05515294289
1.71371140100849e-15 5455.4030138669
1.71371140100849e-15 5454.79319789891
1.71371140100849e-15 5457.52331564847
1.71371140100849e-15 5457.65577553254
1.71371140100849e-15 5453.89271835681
1.71371140100849e-15 5453.69922853367
1.71371140100849e-15 5455.58225396311
1.71371140100849e-15 5452.29856426652
1.71371140100849e-15 5455.56771854315
1.71371140100849e-15 5455.87081253741
1.71371140100849e-15 5456.40723787128
1.71371140100849e-15 5453.31388646704
1.71371140100849e-15 5450.83162323231
1.71371140100849e-15 5451.61103780217
1.71371140100849e-15 5453.8099611968
1.71371140100849e-15 5456.9460155053
1.71371140100849e-15 5460.47474047584
1.71371140100849e-15 5461.65121487333
1.71371140100849e-15 5457.90043444476
1.71371140100849e-15 5451.90455584012
1.71371140100849e-15 5452.01813777706
1.71371140100849e-15 5452.46471559599
1.71371140100849e-15 5453.22110151135
1.71371140100849e-15 5455.65098816984
1.71371140100849e-15 5457.00143916779
1.71371140100849e-15 5461.03852683882
1.71371140100849e-15 5455.16923539615
1.71371140100849e-15 5454.40567373541
1.71371140100849e-15 5451.94942049081
1.71371140100849e-15 5452.19754519494
1.71371140100849e-15 5454.21953446551
1.71371140100849e-15 5455.74473300929
1.71371140100849e-15 5459.50295804549
1.71371140100849e-15 5459.71803086714
1.71371140100849e-15 5457.35945257413
1.71371140100849e-15 5457.26625116511
1.71371140100849e-15 5458.46647119384
1.71371140100849e-15 5458.26111939003
1.71371140100849e-15 5454.81829124905
1.71371140100849e-15 5449.16835191828
1.71371140100849e-15 5450.23987261136
1.71371140100849e-15 5454.86693125989
1.71371140100849e-15 5457.25698538236
1.71371140100849e-15 5458.92332713982
1.71371140100849e-15 5464.29785462368
1.71371140100849e-15 5456.40396777201
1.71371140100849e-15 5454.00632257066
1.71371140100849e-15 5454.77110547833
1.71371140100849e-15 5452.06022643258
1.71371140100849e-15 5454.6599702903
1.71371140100849e-15 5458.98964708498
1.71371140100849e-15 5457.91580658815
1.71371140100849e-15 5456.14756915868
1.71371140100849e-15 5452.84711402359
1.71371140100849e-15 5448.75541317709
1.71371140100849e-15 5449.9517797956
1.71371140100849e-15 5456.47198486189
1.71371140100849e-15 5456.8593376348
1.71371140100849e-15 5460.0445622665
1.71371140100849e-15 5460.6196455382
1.71371140100849e-15 5459.12001741111
1.71371140100849e-15 5455.50802969614
1.71371140100849e-15 5452.13227620006
1.71371140100849e-15 5453.22161290523
1.71371140100849e-15 5456.54399900002
1.71371140100849e-15 5456.63133300956
1.71371140100849e-15 5456.53592396647
1.71371140100849e-15 5457.87552005205
1.71371140100849e-15 5460.24568666627
1.71371140100849e-15 5458.90994385402
1.71371140100849e-15 5453.28576619524
1.71371140100849e-15 5450.52815612268
1.71371140100849e-15 5451.12614661441
1.71371140100849e-15 5447.18000117044
1.71371140100849e-15 5455.11450832319
1.71371140100849e-15 5459.28000886176
1.71371140100849e-15 5456.06735733233
1.71371140100849e-15 5459.21853696887
1.71371140100849e-15 5461.14904679012
1.71371140100849e-15 5452.90206912942
1.71371140100849e-15 5452.74074302985
1.71371140100849e-15 5455.45314986621
1.71371140100849e-15 5451.96856213726
1.71371140100849e-15 5457.8591146037
1.71371140100849e-15 5457.54364999361
1.71371140100849e-15 5457.76105031618
1.71371140100849e-15 5455.5453858301
1.71371140100849e-15 5450.27083025637
1.71371140100849e-15 5451.5409067548
1.71371140100849e-15 5451.02028059488
1.71371140100849e-15 5452.85955145902
1.71371140100849e-15 5456.72842631261
1.71371140100849e-15 5460.23026150122
1.71371140100849e-15 5460.02450049777
1.71371140100849e-15 5453.46143013694
1.71371140100849e-15 5447.60525864786
1.71371140100849e-15 5455.29013282184
1.71371140100849e-15 5459.21697694659
1.71371140100849e-15 5458.71338399562
1.71371140100849e-15 5456.95725575414
1.71371140100849e-15 5457.72819455957
1.71371140100849e-15 5447.11267175162
1.71371140100849e-15 5445.93324909871
1.71371140100849e-15 5456.19498285131
1.71371140100849e-15 5459.95412600491
1.71371140100849e-15 5464.07837517514
1.71371140100849e-15 5460.08276586478
1.71371140100849e-15 5463.21498418767
1.71371140100849e-15 5456.28999254158
1.71371140100849e-15 5453.42715674324
1.71371140100849e-15 5456.22753312239
1.71371140100849e-15 5454.09992630954
1.71371140100849e-15 5457.29420491547
1.71371140100849e-15 5458.11348247357
1.71371140100849e-15 5455.42106617236
1.71371140100849e-15 5459.36551686745
1.71371140100849e-15 5454.46093170704
1.71371140100849e-15 5451.33311008023
1.71371140100849e-15 5454.54963875619
1.71371140100849e-15 5456.49533313801
1.71371140100849e-15 5453.8667165256
1.71371140100849e-15 5452.81693888814
1.71371140100849e-15 5456.11694809884
1.71371140100849e-15 5460.67372733709
1.71371140100849e-15 5455.03591720735
1.71371140100849e-15 5459.72570963838
1.71371140100849e-15 5453.20352867189
1.71371140100849e-15 5450.54848303449
1.71371140100849e-15 5454.52406930391
1.71371140100849e-15 5455.21751997006
1.71371140100849e-15 5451.84771035864
1.71371140100849e-15 5457.12048685908
1.71371140100849e-15 5457.42274629534
1.71371140100849e-15 5457.17283160218
1.71371140100849e-15 5459.49744631054
1.71371140100849e-15 5456.74414235093
1.71371140100849e-15 5450.76809680559
1.71371140100849e-15 5449.11990277076
1.71371140100849e-15 5456.31626335421
1.71371140100849e-15 5456.50044779829
1.71371140100849e-15 5452.67007311621
1.71371140100849e-15 5460.46477232386
1.71371140100849e-15 5452.7745355614
1.71371140100849e-15 5458.25971341323
1.71371140100849e-15 5459.26056116403
1.71371140100849e-15 5453.0614258214
1.71371140100849e-15 5453.45870814538
1.71371140100849e-15 5453.67541048315
1.71371140100849e-15 5450.21589564424
1.71371140100849e-15 5451.8567964789
1.71371140100849e-15 5457.79905360546
1.71371140100849e-15 5458.63971166
1.71371140100849e-15 5452.80881228851
1.71371140100849e-15 5453.98875027656
1.71371140100849e-15 5453.6199740426
1.71371140100849e-15 5452.20209589059
1.71371140100849e-15 5449.69772786522
1.71371140100849e-15 5451.61213110713
1.71371140100849e-15 5455.71589900361
1.71371140100849e-15 5461.53408440575
1.71371140100849e-15 5459.53762901363
1.71371140100849e-15 5453.18368438378
1.71371140100849e-15 5448.43437830766
1.71371140100849e-15 5449.32343468419
1.71371140100849e-15 5455.13000326006
1.71371140100849e-15 5461.48231065429
1.71371140100849e-15 5459.01913312167
1.71371140100849e-15 5456.0587427321
1.71371140100849e-15 5460.2420696856
1.71371140100849e-15 5457.36075624555
1.71371140100849e-15 5451.48581341602
1.71371140100849e-15 5449.15608368091
1.71371140100849e-15 5453.49001593327
1.71371140100849e-15 5456.79475140633
1.71371140100849e-15 5457.40904723187
1.71371140100849e-15 5456.97511276405
1.71371140100849e-15 5455.24955888568
1.71371140100849e-15 5455.85680488931
1.71371140100849e-15 5457.45135004438
1.71371140100849e-15 5449.46640941956
1.71371140100849e-15 5451.40271120041
1.71371140100849e-15 5455.88884464443
1.71371140100849e-15 5459.59272330105
1.71371140100849e-15 5457.78369087777
1.71371140100849e-15 5459.50956618842
1.71371140100849e-15 5449.85771593862
1.71371140100849e-15 5448.51134435515
1.71371140100849e-15 5453.66789195033
1.71371140100849e-15 5456.42863959229
1.71371140100849e-15 5461.09197742653
1.71371140100849e-15 5464.51761558538
1.71371140100849e-15 5453.73161096365
1.71371140100849e-15 5445.45429116095
1.71371140100849e-15 5448.89411567345
1.71371140100849e-15 5455.75718125374
1.71371140100849e-15 5453.95304915604
1.71371140100849e-15 5459.07086151574
1.71371140100849e-15 5459.52628979988
1.71371140100849e-15 5460.40439667379
1.71371140100849e-15 5457.50185028723
1.71371140100849e-15 5452.42355165009
1.71371140100849e-15 5452.3307257951
1.71371140100849e-15 5449.14704955902
1.71371140100849e-15 5451.11170554463
1.71371140100849e-15 5455.80910476312
1.71371140100849e-15 5461.94537951513
1.71371140100849e-15 5454.05311104985
1.71371140100849e-15 5451.27309550462
1.71371140100849e-15 5458.05070494394
1.71371140100849e-15 5452.9462322479
1.71371140100849e-15 5447.36361689086
1.71371140100849e-15 5451.51457274483
1.71371140100849e-15 5460.53236545951
1.71371140100849e-15 5459.31661956346
1.71371140100849e-15 5461.68910370541
1.71371140100849e-15 5455.71033337621
1.71371140100849e-15 5449.14650285314
1.71371140100849e-15 5451.63507667984
1.71371140100849e-15 5453.65018615783
1.71371140100849e-15 5455.16188874843
1.71371140100849e-15 5457.49725095865
1.71371140100849e-15 5454.84179646806
1.71371140100849e-15 5454.47458019224
1.71371140100849e-15 5462.64689647422
1.71371140100849e-15 5453.21131144271
1.71371140100849e-15 5453.12740136054
1.71371140100849e-15 5455.32988044511
1.71371140100849e-15 5460.48682288903
1.71371140100849e-15 5455.25817072019
1.71371140100849e-15 5454.85123503655
1.71371140100849e-15 5453.53936839632
1.71371140100849e-15 5452.08706916857
1.71371140100849e-15 5458.20806747411
1.71371140100849e-15 5455.59153827469
1.71371140100849e-15 5456.60746289087
1.71371140100849e-15 5459.34132151936
1.71371140100849e-15 5455.3319236998
1.71371140100849e-15 5457.21611362396
1.71371140100849e-15 5456.69867485034
1.71371140100849e-15 5460.85663919007
1.71371140100849e-15 5453.15106962585
1.71371140100849e-15 5453.49176171913
1.71371140100849e-15 5452.63264811745
1.71371140100849e-15 5450.96618597016
1.71371140100849e-15 5453.93137508241
1.71371140100849e-15 5454.44128148301
1.71371140100849e-15 5453.77330159045
1.71371140100849e-15 5451.2515204872
1.71371140100849e-15 5455.94905141267
1.71371140100849e-15 5467.31471242971
1.71371140100849e-15 5458.10625039485
1.71371140100849e-15 5452.80768286478
1.71371140100849e-15 5454.05784243267
1.71371140100849e-15 5453.40297092885
1.71371140100849e-15 5458.17425690406
1.71371140100849e-15 5455.65929500103
1.71371140100849e-15 5456.58597042906
1.71371140100849e-15 5455.60372229627
1.71371140100849e-15 5455.98481595678
1.71371140100849e-15 5455.70183159731
1.71371140100849e-15 5454.70869523216
1.71371140100849e-15 5456.95981683196
1.71371140100849e-15 5459.27604833025
1.71371140100849e-15 5454.5907174254
1.71371140100849e-15 5450.84775406871
1.71371140100849e-15 5449.58430323251
1.71371140100849e-15 5451.15527534993
1.71371140100849e-15 5457.87077259105
1.71371140100849e-15 5460.7060222727
1.71371140100849e-15 5454.78109464638
1.71371140100849e-15 5458.42040364867
1.71371140100849e-15 5451.97950772529
1.71371140100849e-15 5453.8823118346
1.71371140100849e-15 5457.6161998946
1.71371140100849e-15 5458.65080089241
1.71371140100849e-15 5454.26466541817
1.71371140100849e-15 5452.58191933305
1.71371140100849e-15 5451.96698063256
1.71371140100849e-15 5452.82486574218
1.71371140100849e-15 5456.01251554758
1.71371140100849e-15 5457.87159136501
1.71371140100849e-15 5459.49415943592
1.71371140100849e-15 5454.51979603934
1.71371140100849e-15 5458.29878405077
1.71371140100849e-15 5455.70060815007
1.71371140100849e-15 5453.36093818786
1.71371140100849e-15 5455.93543455978
1.71371140100849e-15 5451.83040953603
1.71371140100849e-15 5458.5438138321
1.71371140100849e-15 5459.85199370358
1.71371140100849e-15 5452.68410443917
1.71371140100849e-15 5451.11416457975
1.71371140100849e-15 5451.12368875316
1.71371140100849e-15 5456.34612106044
1.71371140100849e-15 5456.18729657696
1.71371140100849e-15 5454.0690742061
1.71371140100849e-15 5463.26189952481
1.71371140100849e-15 5458.87220482047
1.71371140100849e-15 5452.24734044305
1.71371140100849e-15 5454.64241090392
1.71371140100849e-15 5454.27583663911
1.71371140100849e-15 5453.30248582159
1.71371140100849e-15 5454.94809953845
1.71371140100849e-15 5455.83842832319
1.71371140100849e-15 5460.22200724726
1.71371140100849e-15 5454.01487502419
1.71371140100849e-15 5459.45388108433
1.71371140100849e-15 5457.70921234176
1.71371140100849e-15 5454.0121736415
1.71371140100849e-15 5457.1256315365
1.71371140100849e-15 5458.39980085214
1.71371140100849e-15 5454.88521302599
1.71371140100849e-15 5453.6197094011
1.71371140100849e-15 5455.85408227023
1.71371140100849e-15 5458.44415045559
1.71371140100849e-15 5451.49157225585
1.71371140100849e-15 5452.10246906796
1.71371140100849e-15 5455.60167846399
1.71371140100849e-15 5457.05410052314
1.71371140100849e-15 5453.91843568454
1.71371140100849e-15 5459.60467366912
1.71371140100849e-15 5460.92188523749
1.71371140100849e-15 5455.10143585459
1.71371140100849e-15 5455.24836099768
1.71371140100849e-15 5454.46618640938
1.71371140100849e-15 5457.75069646816
1.71371140100849e-15 5458.00349046855
1.71371140100849e-15 5455.79287065083
1.71371140100849e-15 5457.70566352934
1.71371140100849e-15 5452.89797417996
1.71371140100849e-15 5455.59760562512
1.71371140100849e-15 5454.89059252118
1.71371140100849e-15 5454.08636553996
1.71371140100849e-15 5459.92382405048
1.71371140100849e-15 5452.77167483751
1.71371140100849e-15 5454.25414595177
1.71371140100849e-15 5457.70603528462
1.71371140100849e-15 5453.65268079485
1.71371140100849e-15 5457.31163035325
1.71371140100849e-15 5455.68867580253
1.71371140100849e-15 5455.58416298594
1.71371140100849e-15 5452.50576434325
1.71371140100849e-15 5454.02985534538
1.71371140100849e-15 5452.71063737593
1.71371140100849e-15 5457.3344385926
1.71371140100849e-15 5453.27322202036
1.71371140100849e-15 5450.94257226426
1.71371140100849e-15 5460.34811028651
1.71371140100849e-15 5468.40941432444
1.71371140100849e-15 5455.75916924526
1.71371140100849e-15 5453.33091357624
1.71371140100849e-15 5455.87473157778
1.71371140100849e-15 5452.5311230751
1.71371140100849e-15 5454.93224899299
1.71371140100849e-15 5459.13182961971
1.71371140100849e-15 5458.91207216901
1.71371140100849e-15 5450.0885745102
1.71371140100849e-15 5456.29525674306
1.71371140100849e-15 5452.38635820035
1.71371140100849e-15 5451.32382248256
1.71371140100849e-15 5452.0499509735
1.71371140100849e-15 5455.48614075564
1.71371140100849e-15 5456.78978811369
1.71371140100849e-15 5459.72820796357
1.71371140100849e-15 5460.36754121112
1.71371140100849e-15 5456.58542288317
1.71371140100849e-15 5455.28987730317
1.71371140100849e-15 5452.9762826218
1.71371140100849e-15 5456.93397766439
1.71371140100849e-15 5453.58716384585
1.71371140100849e-15 5453.5389345951
1.71371140100849e-15 5458.53249534135
1.71371140100849e-15 5460.946900521
1.71371140100849e-15 5458.47955999717
1.71371140100849e-15 5458.78177199884
1.71371140100849e-15 5455.60656468315
1.71371140100849e-15 5450.47694042977
1.71371140100849e-15 5451.32741345167
1.71371140100849e-15 5455.91661483866
1.71371140100849e-15 5457.76236406638
1.71371140100849e-15 5461.42055205368
1.71371140100849e-15 5460.68031744921
1.71371140100849e-15 5454.46001956377
1.71371140100849e-15 5452.04553319904
1.71371140100849e-15 5455.41455344682
1.71371140100849e-15 5451.07047794897
1.71371140100849e-15 5449.9505391519
1.71371140100849e-15 5454.95448489754
1.71371140100849e-15 5454.84881673175
1.71371140100849e-15 5459.65548653874
1.71371140100849e-15 5461.54824804512
1.71371140100849e-15 5456.64290846282
1.71371140100849e-15 5451.54394994026
1.71371140100849e-15 5451.80130235322
1.71371140100849e-15 5452.73050147459
1.71371140100849e-15 5456.97850443987
1.71371140100849e-15 5459.36613784194
1.71371140100849e-15 5455.9255656932
1.71371140100849e-15 5458.09995687567
1.71371140100849e-15 5463.29955076693
1.71371140100849e-15 5462.45156960911
1.71371140100849e-15 5457.75324859498
1.71371140100849e-15 5453.9945649932
1.71371140100849e-15 5451.41286481156
1.71371140100849e-15 5448.7777235681
1.71371140100849e-15 5451.81238978507
1.71371140100849e-15 5458.78254202638
1.71371140100849e-15 5457.09445044094
1.71371140100849e-15 5457.72634797076
1.71371140100849e-15 5458.61236067879
1.71371140100849e-15 5457.62112981528
1.71371140100849e-15 5455.68824422514
1.71371140100849e-15 5454.88309444488
1.71371140100849e-15 5456.44560651931
1.71371140100849e-15 5448.81546350641
1.71371140100849e-15 5449.82732445413
1.71371140100849e-15 5454.74079956695
1.71371140100849e-15 5459.70090029264
1.71371140100849e-15 5459.22756065338
1.71371140100849e-15 5453.33395953235
1.71371140100849e-15 5456.06942968461
1.71371140100849e-15 5456.54146112712
1.71371140100849e-15 5453.31536068028
1.71371140100849e-15 5458.40623797722
1.71371140100849e-15 5454.63700515677
1.71371140100849e-15 5453.35459140375
1.71371140100849e-15 5451.15286230238
1.71371140100849e-15 5454.39762389864
1.71371140100849e-15 5461.668223093
1.71371140100849e-15 5459.17683421401
1.71371140100849e-15 5456.39918332067
1.71371140100849e-15 5455.7605222852
1.71371140100849e-15 5452.38651252365
1.71371140100849e-15 5447.04150819209
1.71371140100849e-15 5457.8440247432
1.71371140100849e-15 5458.24200155609
1.71371140100849e-15 5456.39822070392
1.71371140100849e-15 5457.6951453896
1.71371140100849e-15 5459.85033631785
1.71371140100849e-15 5456.33953707347
1.71371140100849e-15 5456.16044218047
1.71371140100849e-15 5450.99251123836
1.71371140100849e-15 5450.24832669785
1.71371140100849e-15 5456.21668781785
1.71371140100849e-15 5456.80775892079
1.71371140100849e-15 5457.13665245685
1.71371140100849e-15 5452.61208427798
1.71371140100849e-15 5456.50130924958
1.71371140100849e-15 5461.6375510115
1.71371140100849e-15 5459.54710253412
1.71371140100849e-15 5453.45820916577
1.71371140100849e-15 5457.39606586207
1.71371140100849e-15 5457.87302007589
1.71371140100849e-15 5452.16949901575
1.71371140100849e-15 5453.03066919885
1.71371140100849e-15 5457.39705703137
1.71371140100849e-15 5457.9588728216
1.71371140100849e-15 5458.41463902433
1.71371140100849e-15 5451.22827399088
1.71371140100849e-15 5451.47020058311
1.71371140100849e-15 5455.66659955855
1.71371140100849e-15 5456.66085207935
1.71371140100849e-15 5456.20776816335
1.71371140100849e-15 5457.67824411596
1.71371140100849e-15 5457.52126218854
1.71371140100849e-15 5457.22316151545
1.71371140100849e-15 5454.94420274129
1.71371140100849e-15 5456.53233597059
1.71371140100849e-15 5459.49843840277
1.71371140100849e-15 5456.41048551688
1.71371140100849e-15 5450.30489380255
1.71371140100849e-15 5451.07829513054
1.71371140100849e-15 5455.20101813348
1.71371140100849e-15 5456.9456330304
1.71371140100849e-15 5454.05824129636
1.71371140100849e-15 5460.41245444215
1.71371140100849e-15 5461.8283022836
1.71371140100849e-15 5455.9147377717
1.71371140100849e-15 5452.67466533095
1.71371140100849e-15 5456.40805156571
1.71371140100849e-15 5455.3229863352
1.71371140100849e-15 5449.47147635278
1.71371140100849e-15 5454.98998388045
1.71371140100849e-15 5456.88548322653
1.71371140100849e-15 5456.80319171743
1.71371140100849e-15 5454.78762349933
1.71371140100849e-15 5454.87247648733
1.71371140100849e-15 5455.0099548047
1.71371140100849e-15 5455.23463291198
1.71371140100849e-15 5455.8169839958
1.71371140100849e-15 5460.85032037559
1.71371140100849e-15 5455.45294394211
1.71371140100849e-15 5453.60830752505
1.71371140100849e-15 5457.7106921459
1.71371140100849e-15 5462.59553293219
1.71371140100849e-15 5454.79016762422
1.71371140100849e-15 5454.27283311707
1.71371140100849e-15 5456.21870721156
1.71371140100849e-15 5461.39710596199
1.71371140100849e-15 5454.06130332577
1.71371140100849e-15 5456.35790082821
1.71371140100849e-15 5458.18834458111
1.71371140100849e-15 5452.93715800122
1.71371140100849e-15 5453.01302409705
1.71371140100849e-15 5450.0813544849
1.71371140100849e-15 5454.25035008154
1.71371140100849e-15 5460.12043293842
1.71371140100849e-15 5464.26135555853
1.71371140100849e-15 5465.98007386177
1.71371140100849e-15 5463.13996554521
1.71371140100849e-15 5451.26340716526
1.71371140100849e-15 5452.13922894547
1.71371140100849e-15 5451.58612872299
1.71371140100849e-15 5453.08875681353
1.71371140100849e-15 5460.2261080821
1.71371140100849e-15 5455.31278644066
1.71371140100849e-15 5458.72237084856
1.71371140100849e-15 5462.02206154937
1.71371140100849e-15 5457.74810937325
1.71371140100849e-15 5458.72743913808
1.71371140100849e-15 5452.58071468115
1.71371140100849e-15 5458.5448913282
1.71371140100849e-15 5454.29405647892
1.71371140100849e-15 5454.2831318858
1.71371140100849e-15 5456.39531613853
1.71371140100849e-15 5454.05302519299
1.71371140100849e-15 5459.01400265591
1.71371140100849e-15 5453.85717344567
1.71371140100849e-15 5458.58007936583
1.71371140100849e-15 5467.51348686558
1.71371140100849e-15 5458.84889963084
1.71371140100849e-15 5452.89709172729
1.71371140100849e-15 5452.27501313534
1.71371140100849e-15 5454.25969106652
1.71371140100849e-15 5452.74924843792
1.71371140100849e-15 5451.16224030798
1.71371140100849e-15 5455.70325800631
1.71371140100849e-15 5460.98501004109
1.71371140100849e-15 5459.3072240378
1.71371140100849e-15 5452.06933243617
1.71371140100849e-15 5459.08394789182
1.71371140100849e-15 5460.32673396076
1.71371140100849e-15 5454.06278452685
1.71371140100849e-15 5456.30503321937
1.71371140100849e-15 5455.34821386007
1.71371140100849e-15 5455.92695187908
1.71371140100849e-15 5457.9140821203
1.71371140100849e-15 5457.19881297844
1.71371140100849e-15 5461.49922475634
1.71371140100849e-15 5453.52109411145
1.71371140100849e-15 5447.0611311552
1.71371140100849e-15 5451.02533111915
1.71371140100849e-15 5458.86894571614
1.71371140100849e-15 5456.69503147605
1.71371140100849e-15 5454.50368109184
1.71371140100849e-15 5457.30023072285
1.71371140100849e-15 5461.94305397194
1.71371140100849e-15 5453.21700874551
1.71371140100849e-15 5452.09753215191
1.71371140100849e-15 5453.36653235348
1.71371140100849e-15 5456.17718109128
1.71371140100849e-15 5459.53351032586
1.71371140100849e-15 5466.73196466331
1.71371140100849e-15 5463.81285030068
1.71371140100849e-15 5454.91484075832
1.71371140100849e-15 5447.99323853239
1.71371140100849e-15 5452.92996655801
1.71371140100849e-15 5456.78336175804
1.71371140100849e-15 5456.79962907428
1.71371140100849e-15 5456.36853048944
1.71371140100849e-15 5455.81179572372
1.71371140100849e-15 5459.59057031981
1.71371140100849e-15 5455.85159131648
1.71371140100849e-15 5455.9785226052
1.71371140100849e-15 5459.73148389286
1.71371140100849e-15 5458.68889090088
1.71371140100849e-15 5455.58316883256
1.71371140100849e-15 5451.95450549636
1.71371140100849e-15 5457.24590741008
1.71371140100849e-15 5453.98695863417
1.71371140100849e-15 5452.10762101866
1.71371140100849e-15 5453.64457595689
1.71371140100849e-15 5457.68030754142
1.71371140100849e-15 5458.60230289982
1.71371140100849e-15 5456.69787949408
1.71371140100849e-15 5454.59979691507
1.71371140100849e-15 5455.96707521907
1.71371140100849e-15 5455.82293042752
1.71371140100849e-15 5455.30685831899
1.71371140100849e-15 5460.09228182158
1.71371140100849e-15 5461.51956067625
1.71371140100849e-15 5454.84194091247
1.71371140100849e-15 5461.16063814325
1.71371140100849e-15 5454.13650138519
1.71371140100849e-15 5451.31538502165
1.71371140100849e-15 5455.62824170758
1.71371140100849e-15 5458.00857455399
1.71371140100849e-15 5460.15117534129
1.71371140100849e-15 5461.71720183585
1.71371140100849e-15 5456.15743385827
1.71371140100849e-15 5450.68002072469
1.71371140100849e-15 5451.75640084216
1.71371140100849e-15 5450.00720062958
1.71371140100849e-15 5456.28349583299
1.71371140100849e-15 5458.8558578815
1.71371140100849e-15 5457.57157771017
1.71371140100849e-15 5459.38640743061
1.71371140100849e-15 5460.11912308324
1.71371140100849e-15 5455.58361431196
1.71371140100849e-15 5451.5308587273
1.71371140100849e-15 5453.05994861831
1.71371140100849e-15 5456.86312426669
1.71371140100849e-15 5455.72252898382
1.71371140100849e-15 5453.47268360045
1.71371140100849e-15 5460.09038248479
1.71371140100849e-15 5456.60372115779
1.71371140100849e-15 5452.5290374814
1.71371140100849e-15 5459.04738874502
1.71371140100849e-15 5457.36359424186
1.71371140100849e-15 5457.25725270016
1.71371140100849e-15 5457.64656356299
1.71371140100849e-15 5456.13388813879
1.71371140100849e-15 5457.71713944721
1.71371140100849e-15 5460.11615119254
1.71371140100849e-15 5454.8529615334
1.71371140100849e-15 5454.89163187434
1.71371140100849e-15 5456.98808905339
1.71371140100849e-15 5455.60861089897
1.71371140100849e-15 5456.57641831197
1.71371140100849e-15 5454.33969265523
1.71371140100849e-15 5460.09011433226
1.71371140100849e-15 5457.23448853271
1.71371140100849e-15 5451.90241029817
1.71371140100849e-15 5451.51579000696
1.71371140100849e-15 5453.54733642056
1.71371140100849e-15 5453.0072587075
1.71371140100849e-15 5455.60346650713
1.71371140100849e-15 5461.03349624254
1.71371140100849e-15 5463.79982437457
1.71371140100849e-15 5460.21127124326
1.71371140100849e-15 5459.70516513557
1.71371140100849e-15 5453.77383309337
1.71371140100849e-15 5453.01832987171
1.71371140100849e-15 5456.37825904582
1.71371140100849e-15 5456.7201254887
1.71371140100849e-15 5454.44928610008
1.71371140100849e-15 5451.88425282333
1.71371140100849e-15 5458.26730405977
1.71371140100849e-15 5460.20265280574
1.71371140100849e-15 5456.25499859573
1.71371140100849e-15 5449.6022087726
1.71371140100849e-15 5447.37718707503
1.71371140100849e-15 5454.45590823503
1.71371140100849e-15 5461.14788646353
1.71371140100849e-15 5457.30237525036
1.71371140100849e-15 5461.62835808289
1.71371140100849e-15 5453.54654249407
1.71371140100849e-15 5453.29415657053
1.71371140100849e-15 5461.10593608146
1.71371140100849e-15 5457.73341029654
1.71371140100849e-15 5449.44459529147
1.71371140100849e-15 5448.63651446464
1.71371140100849e-15 5449.45780731285
1.71371140100849e-15 5454.53288946574
1.71371140100849e-15 5457.14418892678
1.71371140100849e-15 5462.95443610396
1.71371140100849e-15 5468.75704852544
1.71371140100849e-15 5456.38667345265
1.71371140100849e-15 5448.61337390206
1.71371140100849e-15 5451.93400698114
1.71371140100849e-15 5448.16852958373
1.71371140100849e-15 5450.73818190699
1.71371140100849e-15 5460.68809471017
1.71371140100849e-15 5458.58650091767
1.71371140100849e-15 5460.08792371206
1.71371140100849e-15 5459.27709394993
1.71371140100849e-15 5455.17082078468
1.71371140100849e-15 5451.15376887453
1.71371140100849e-15 5452.27413772081
1.71371140100849e-15 5455.53042759121
1.71371140100849e-15 5458.54778913937
1.71371140100849e-15 5456.50954148375
1.71371140100849e-15 5454.17535201272
1.71371140100849e-15 5453.50067441757
1.71371140100849e-15 5457.26516761888
1.71371140100849e-15 5458.16815777479
1.71371140100849e-15 5457.04659560523
1.71371140100849e-15 5455.17009558838
1.71371140100849e-15 5452.72602206075
1.71371140100849e-15 5450.25311208629
1.71371140100849e-15 5459.75032245318
1.71371140100849e-15 5462.81797446585
1.71371140100849e-15 5458.45176579906
1.71371140100849e-15 5456.57264254134
1.71371140100849e-15 5453.02149619656
1.71371140100849e-15 5455.42979087845
1.71371140100849e-15 5457.34161503663
1.71371140100849e-15 5451.93505350446
1.71371140100849e-15 5453.74817968692
1.71371140100849e-15 5454.79314518095
1.71371140100849e-15 5449.94579778246
1.71371140100849e-15 5452.2099891976
1.71371140100849e-15 5461.43364140493
1.71371140100849e-15 5459.61852627661
1.71371140100849e-15 5455.95109816596
1.71371140100849e-15 5448.8556406472
1.71371140100849e-15 5453.19163944364
1.71371140100849e-15 5460.32326409219
1.71371140100849e-15 5450.36131781137
